Preguntas,Categoría,Respuesta Mejorada, 
¿Dónde están ubicadas las aulas?,Cursado,"Con estos enlaces podrás encontrar las aulas sin problemas:

📍 *Aulas D*: están en las Baterías D. Mirá el mapa: https://maps.app.goo.gl/r9WvtssCXKBm5pFR7
📍 *Aulas A*: están en las Baterías A. Mirá el mapa: https://maps.app.goo.gl/NNVVoSNEnhuu5URT7
📍 *Aulas C*: mirá el mapa: https://maps.app.goo.gl/VmdhSHiRMSpmjrhA8
📍 *Aulas R*: están en el pabellón de los reformistas. Mirá el mapa: https://maps.app.goo.gl/4Ww7q68ZwufGS2FL9
📍 *Aulas solo con número*: están en el Edificio de FAMAF. Mirá el mapa: https://maps.app.goo.gl/Ur9uQUBS4qvvMyyq6

Si necesitás más algo más, avisame 😊",
¿En qué aula se cursa una materia?,Cursado,"Podés ver el aula donde cursas en los horarios de cursado mediante el siguiente enalce: 
🔗 https://www.famaf.unc.edu.ar/la-facultad/institucional/secretar%C3%ADas/secretaria-academica/horarios-de-cursado/

⚠️ *Dato importante:* Si el calendario de horarios aparece vacío, navegá con las flechas (< >) hasta una semana donde ya hayan comenzado las clases. ",
¿En qué horarios se cursa una materia?,Cursado," Podés ver los horarios de todas las materias en este link: 
🔗 https://www.famaf.unc.edu.ar/la-facultad/institucional/secretar%C3%ADas/secretaria-academica/horarios-de-cursado/ 

⚠️ *Dato importante:* Si el calendario de horarios aparece vacío, navegá con las flechas (< >) hasta una semana donde ya hayan comenzado las clases. ",
¿Cómo puedo inscribirme en el Régimen Especial de Cursado (RE)?,Cursado,"📌 *Inscripción al Régimen Especial de Cursado (RE):*

Para anotarte al RE, completá este formulario que corresponde con el de este cuatri:
🔗 https://forms.gle/EYCtgdb5Ld6tHNjT9

⚠️ *Dato importante:* El formulario de inscripción cambia en cada cuatrimestre.

*Proceso de inscripción*:

✅ No es automático. Revisan tu documentación y confeccionan un *Certificado Único de Régimen de Excepciones al Sistema de Cursado de Estudiantes (CUREE)*.

✅ Cuando este listo, te enviarán un mail confirmando tu inscripción y explicando cómo entregar el CUREE.

Cuando lo tengas, te inscribís a las materias y turnos elegidos mediante Guaraní. *Si el sistema no te deja* podés comunicarte con *Despacho de Estudiantes* de *lunes a viernes de 9 a 14 hs* o vía mail a despachoestudiantes@famaf.unc.edu.ar para pedir que te inscriban en las comisión que querías.

*Te quedaron dudas?*

Podes escribiles a la *Secretaría de Asuntos Estudiantiles* por mail.",
¿Cómo puedo inscribirme al Régimen de Alumno Trabajador?,Cursado,"📌 *Inscripción al Régimen Especial de Cursado (RE):*

Para anotarte al RE, completá este formulario que corresponde con el de este cuatri:
🔗 https://forms.gle/EYCtgdb5Ld6tHNjT9

⚠️ *Dato importante:* El formulario de inscripción cambia en cada cuatrimestre.

*Proceso de inscripción*:

✅ No es automático. Revisan tu documentación y confeccionan un *Certificado Único de Régimen de Excepciones al Sistema de Cursado de Estudiantes (CUREE)*.

✅ Cuando este listo, te enviarán un mail confirmando tu inscripción y explicando cómo entregar el CUREE.

Cuando lo tengas, te inscribís a las materias y turnos elegidos mediante Guaraní. *Si el sistema no te deja* podés comunicarte con *Despacho de Estudiantes* de *lunes a viernes de 9 a 14 hs* o vía mail a despachoestudiantes@famaf.unc.edu.ar para pedir que te inscriban en las comisión que querías.

*Te quedaron dudas?*

Podes escribiles a la *Secretaría de Asuntos Estudiantiles* por mail.",
¿Cómo puedo inscribirme al Régimen Trabajador?,Cursado,"📌 *Inscripción al Régimen Especial de Cursado (RE):*

Para anotarte al RE, completá este formulario que corresponde con el de este cuatri:
🔗 https://forms.gle/EYCtgdb5Ld6tHNjT9

⚠️ *Dato importante:* El formulario de inscripción cambia en cada cuatrimestre.

*Proceso de inscripción*:

✅ No es automático. Revisan tu documentación y confeccionan un *Certificado Único de Régimen de Excepciones al Sistema de Cursado de Estudiantes (CUREE)*.

✅ Cuando este listo, te enviarán un mail confirmando tu inscripción y explicando cómo entregar el CUREE.

Cuando lo tengas, te inscribís a las materias y turnos elegidos mediante Guaraní. *Si el sistema no te deja* podés comunicarte con *Despacho de Estudiantes* de *lunes a viernes de 9 a 14 hs* o vía mail a despachoestudiantes@famaf.unc.edu.ar para pedir que te inscriban en las comisión que querías.

*Te quedaron dudas?*

Podes escribiles a la *Secretaría de Asuntos Estudiantiles* por mail.",
¿Qué es el Régimen Especial de Cursado (RE)?,Cursado,"📌 *Régimen Especial de Cursado (RE)*

Es un beneficio para estudiantes que se encuentren en situación de *trabajo, enfermedad, embarazo y/o tengan persona/s a cargo*, que les permite acceder a los sigueintes derechos:

* *No tenés que cumplir con el mínimo de asistencia* para regularizar o promocionar una materia.
* *No necesitás ir a los laboratorios* (solo si son presenciales obligatorios).
* *Podés rendir parciales en otro día y horario* si lo necesitás.
* *Tenés prioridad para elegir comisión* al inscribirte.

Más info: 🔗 https://www.famaf.unc.edu.ar/la-facultad/institucional/secretar%C3%ADas/secretaria-de-asuntos-estudiantiles/r%C3%A9gimen-especial-de-cursado-de-famaf-primer-cuatrimestre-2023/",
¿Qué es el Régimen de Alumno Trabajador?,Cursado,"📌 *Régimen Especial de Cursado (RE)*

Es un beneficio para estudiantes que se encuentren en situación de *trabajo, enfermedad, embarazo y/o tengan persona/s a cargo*, que les permite acceder a los sigueintes derechos:

* *No tenés que cumplir con el mínimo de asistencia* para regularizar o promocionar una materia.
* *No necesitás ir a los laboratorios* (solo si son presenciales obligatorios).
* *Podés rendir parciales en otro día y horario* si lo necesitás.
* *Tenés prioridad para elegir comisión* al inscribirte.

Más info: 🔗 https://www.famaf.unc.edu.ar/la-facultad/institucional/secretar%C3%ADas/secretaria-de-asuntos-estudiantiles/r%C3%A9gimen-especial-de-cursado-de-famaf-primer-cuatrimestre-2023/",
¿Qué es el Régimen Trabajador?,Cursado,"📌 *Régimen Especial de Cursado (RE)*

Es un beneficio para estudiantes que se encuentren en situación de *trabajo, enfermedad, embarazo y/o tengan persona/s a cargo*, que les permite acceder a los sigueintes derechos:

* *No tenés que cumplir con el mínimo de asistencia* para regularizar o promocionar una materia.
* *No necesitás ir a los laboratorios* (solo si son presenciales obligatorios).
* *Podés rendir parciales en otro día y horario* si lo necesitás.
* *Tenés prioridad para elegir comisión* al inscribirte.

Más info: 🔗 https://www.famaf.unc.edu.ar/la-facultad/institucional/secretar%C3%ADas/secretaria-de-asuntos-estudiantiles/r%C3%A9gimen-especial-de-cursado-de-famaf-primer-cuatrimestre-2023/",
¿Cómo es el trámite para solicitar el diploma digital?,Cursado,"📌 *Diploma digital:*

Seguí este instructivo paso a paso para obtenerlo:
 🔗 https://drive.google.com/file/d/1pkY8i3dxU-Muz6KZUNN8CnrkxaXulGgZ/view?usp=sharing",
¿En qué aula tengo que rendir un examen final?,Exámenes,"Las aulas para rendir se publican unos días antes en la web del *Despacho de Estudiantes*:
🔗 https://www.famaf.unc.edu.ar/la-facultad/institucional/areas-y-departamentos/%C3%A1rea-direcci%C3%B3n-de-ense%C3%B1anza/despacho-de-Estudiantes-informa/

✅ ¡No te olvides de revisarlo unos días antes del examen!",
¿Cuál es el Calendario Académico 2026?,Información General,"📅 *Calendario Académico:*

Ahí vas a encontrar
* Épocas de cursado.
* Fechas de exámenes.
* Colaciones.

🔗 En este enlace podés encontrar el de este año y el de años anteriores: https://www.famaf.unc.edu.ar/la-facultad/institucional/secretar%C3%ADas/secretaria-academica/calendario-acad%C3%A9mico/

Si necesitás algo más, avisame 😊",
¿Qué requisitos piden para la equivalencia externa si vengo de otra facultad y quiero cambiarme a FAMAF?,Ingreso,"📌 *Requisitos para equivalencia externa*

Si venís de otra facultad y querés cambiarte a FAMAF, acá te explico cómo hacerlo:

📅 *Plazos*:
* Desde el 01/08 al 31/10 podés enviar tu solicitud.
* El resultado lo tenés a comienzos del año siguiente.
* Empezás en FAMAF en marzo del año próximo (cuando te confirmen por mail).

🔍 *Evaluación*:
* No hay tabla fija: cada caso lo evalúa una Comisión Asesora.
* El Curso de Nivelación también se considera.

📄 *Documentación*:

1. *Académica*:
* Certificado Analítico Oficial (con notas, fechas y constancias de aplazos).
* Certificado de sanciones disciplinarias.
* Certificado de cancelación de matrícula (solo si el nombre de la carrera es igual).
* Programas oficiales de materias aprobadas (contenidos, carga horaria, bilbiografías, trabajos o laboratorios).
* Escala de calificaciones de la facultad que venís.
* Plan de estudios de la carrera que cursaste.
* Resolución ministerial que valide tu carrera.

2. *Personal*:
* Certificado de estudios secundarios completos (legalizado por Oficialía Mayor UNC: https://www.unc.edu.ar/oficialia-mayor).
* DNI (frente y dorso).
* Constancia de CUIL.

3. *Nota*:
* Incluí una nota dirigida al decano.
* Podés usar este modelo como referencia: https://tinyurl.com/equivalencias-externas-FAMAF

⚠️ *Importante*:
* Si ya sos alumno de FAMAF, aclaralo en la nota y podés hacer el trámite en cualquier momento.
* Si querés ingresar a más de una carrera, hacé un trámite por cada una.

📩 *Enviá todo* a oficialia@famaf.unc.edu.ar",
¿Cómo hacer la preinscripción para el curso de nivelación intensivo 2026 de FAMAF?,Ingreso,"📅 *Preinscripción - Curso de Nivelación Intensivo 2026*

Se encuentra abierta desde el 03/11/2025 hasta el 12/12/2025. 

*Pasos para inscribirte*:

Necesitas un usuario en el sistema Guaraní. En caso de que no lo tengas, podes crearlo desde acá: 
🔗 https://preinscripcion.guarani.unc.edu.ar/preinscripcion/

Si ya tenés usuario, seguí este *video-tutorial*: 
🔗 https://www.youtube.com/watch?v=deQuWbJnEDU

💡 *Importante:* si sos *alumno extranjero*, seguí este instructivo: https://docs.google.com/document/d/1lea6U_TZ7dL1BqoBUjWK0cS2jW7ar4hCmtuIODqtSqQ/edit?tab=t.0 

 ",
¿Cómo hacer la preinscripción para el cursillo intensivo 2026 de FAMAF?,Ingreso,"📅 *Preinscripción - Curso de Nivelación Intensivo 2026*

Se encuentra abierta desde el 03/11/2025 hasta el 12/12/2025. 

*Pasos para inscribirte*:

Necesitas un usuario en el sistema Guaraní. En caso de que no lo tengas, podes crearlo desde acá: 
🔗 https://preinscripcion.guarani.unc.edu.ar/preinscripcion/

Si ya tenés usuario, seguí este *video-tutorial*: 
🔗 https://www.youtube.com/watch?v=deQuWbJnEDU

💡 *Importante:* si sos *alumno extranjero*, seguí este instructivo: https://docs.google.com/document/d/1lea6U_TZ7dL1BqoBUjWK0cS2jW7ar4hCmtuIODqtSqQ/edit?tab=t.0 

 ",
¿Cómo hacer la preinscripción para el curso de ingreso intensivo 2026 de FAMAF?,Ingreso,"📅 *Preinscripción - Curso de Nivelación Intensivo 2026*

Se encuentra abierta desde el 03/11/2025 hasta el 12/12/2025. 

*Pasos para inscribirte*:

Necesitas un usuario en el sistema Guaraní. En caso de que no lo tengas, podes crearlo desde acá: 
🔗 https://preinscripcion.guarani.unc.edu.ar/preinscripcion/

Si ya tenés usuario, seguí este *video-tutorial*: 
🔗 https://www.youtube.com/watch?v=deQuWbJnEDU

💡 *Importante:* si sos *alumno extranjero*, seguí este instructivo: https://docs.google.com/document/d/1lea6U_TZ7dL1BqoBUjWK0cS2jW7ar4hCmtuIODqtSqQ/edit?tab=t.0 

 ",
¿Cuándo y en qué modalidades se puede hacer el curso de nivelación de FAMAF?,Ingreso,"📚 *Curso de nivelación de FAMAF*

El curso de nivelación de FAMAF tiene 3 ediciones:

👉 *Modalidad intensiva* (para nuevxs ingresantes):
* Se dicta a fines de enero y febrero de cada año.
* La modalidad es intensiva y presencial, 4 hs/día en dos turnos:
      ↳ Mañana (9 a 13 hs).
      ↳ Tarde (14 a 18 hs).
* Toda la información sobre la preinscripción se publica en https://famaf.unc.edu.ar/ingresantes (aproximadamente desde principios de noviembre).

👉 *Re dictado primer cuatrimestre* (para estudiantes que realizaron la inscripción definitiva):
* Se dicta durante el primer cuatrimestre (fechas exactas en el Calendario Académico).
* La modalidad es no intensiva y presencial, 2 días/semana, 4 hs/día (horarios acá https://www.famaf.unc.edu.ar/la-facultad/institucional/secretar%C3%ADas/secretaria-academica/horarios-de-cursado/).
* La inscripción se realiza por Guaraní durante el periodo de inscripciones (ver Calendario Académico).

👉 *Modalidad no intensiva* (para nuevxs ingresantes que pueden estar en el útlio año del secundario):
* Se dicta durante agosto de cada año. 
* La modalidad puede ser presencial o a distancia, 4 hs/semana ya sea:
      ↳ Viernes de 16 hs a 20 hs.
      ↳Sábados de 9 hs a 13 hs.
* Toda la información será publicada en https://famaf.unc.edu.ar/ingresantes (aproximadamente desde junio).

✅ El curso de nivelación es el mismo para todas las carreras. ¡Cualquier duda, avisame!",
¿Qué documentación tengo que llevar para hacer la inscripción definitiva?,Ingreso,"📌 *Inscripción definitiva 2026*

Se realiza desde 2 al 23 de febrero.

Para hacerla mandá un mail a despachoestudiantes@famaf.unc.edu.ar con el asunto *INSCRIPCIÓN DEFINITIVA*, adjuntando en un solo archivo el *Certificado Analítico* o, si no lo tenés, la *constancia de título del secundario en trámite* (con la leyenda *no adeuda materias*).

Una vez hecha la inscripción, ¡sos oficialmente *estudiante de la UNC*! 🎉",
¿Cuál es la diferencia de inscribirse a las materias como libre o regular?,Ingreso,"📌 *Inscripción regular*:
* Cumplís con las *correlatividades* de tu carrera (materias aprobadas o regularizadas).
* Podés promocionar si la materia lo permite.
* Tenés 2 años para rendir el final con el mismo programa.
* En algunas materias, puede existir el eneficio de un examen diferenciado.

📌 *Inscripción libre*:
* No cumplís las correlatividades.
* Podés cursar y rendir parciales, pero no promocionás.
* No podrás obtener la regularidad.

🔗 Más info: https://tinyurl.com/faq-ingresantes",
¿Cómo me inscribo para cursar las materias?,Ingreso,"📅 *Fechas de inscripción*:
👉 Desde el *2 de marzo* a las 14:00 hs hasta el *13 de marzo* a las 23:59 hs.
👉 *Materias de primer año*: Desde el *3 de marzo* a las 14:00 hs hasta el *14 de marzo* a las 23:59 hs.

🎓 *Ingresantes*:
Si promocionaste, aprobaste el examen o regularizaste el curso de nivelación, inscribite en Guaraní:
1️⃣ Entrá a Guaraní y buscá *Inscripción a Materias*.
2️⃣ Elegí la materia y hacé clic en *Inscribirse*.
3️⃣ Esperá unos días para entrar al *Aula Virtual*.

📌 *Notas*: Ya están cargadas en *Historia Académica* en Guaraní. Si rendiste el 4 de marzo, las notas estarán entre el 5 y 6 de marzo.

📌 *Inscripción condicional*: Si no hiciste la inscripción definitiva, completá este formulario: https://forms.gle/QPTgwJexfJqqqHKE7. Recordá hacer la inscripción definitiva apenas tengas el Certificado de Secundario Completo o Constancia, enviándola a despachoestudiantes@famaf.unc.edu.ar hasta el 30 de abril.

📚 *No ingresantes*:
Primero reinscribite a la propuesta en Guaraní. Luego
1️⃣ Entrá a *Inscripción a Materias*.
2️⃣ Elegí la materia y hacé clic en *Inscribirse*.
3️⃣ Esperá hasta el *10 de marzo* para entrar al *Aula Virtual*.

📌 *Horarios*: Verificalos en Guaraní en *Reportes > Agenda* o en https://www.famaf.unc.edu.ar/la-facultad/institucional/secretar%C3%ADas/secretaria-academica/horarios-de-cursado/.

📌 *Especialidades y Optativas*:
🔗 Completá este formulario: https://forms.gle/VccEhhg5BVnDU85H9. Te avisarán por email si fuiste inscripto.

📌 *Intercambio y Vocacionales*:
🔗 Información aquí: https://docs.google.com/document/d/1TPRDsXlJKBgg3A-l56oh-lBuLG4OV5gkBH_lz5Grutw/edit.

📌 *Alumno libre (solo para materias de segundo año en adelante)*:
🔗 Completá este formulario: https://forms.gle/jtE3d6YDX6TFmpiX8.
",
¿Cómo me inscribo para rendir el examen final de una materia?,Exámenes,"*Pasos para inscribirte al final*:

1. Entrá a Guaraní: https://guarani.unc.edu.ar
2. Buscá la opción *Inscripción a Exámenes*
3. Elegí la materia que querés rendir
4. Seleccioná si lo hacés como *libre* o *regular*
5. ¡Dale a *Inscribirse* y listo!

¡Mucha suerte! 🍀 ",
¿Qué tengo que hacer si quiero cambiarme a otra carrera de FAMAF o cursar otra al mismo tiempo?,Cursado,"📌 *Cambio de Carrera dentro de FAMAF y Cursado Paralelo* 

Para pedir el cambio de carrera o cursar en paralelo otra de FAMAF, tenes que completar este formulario: 🔗 https://docs.google.com/forms/d/e/1FAIpQLSeNA8jXxGARDeebj0TdjXMmmXGNph0gZQPkzfliWZbcbN9KdQ/viewform

📅 *Plazos:* 
* Hasta la primera semana de diciembre.
* Se reabre el primer día hábil de febrero.

⏳ *Tiempo de respuesta:* 15 días hábiles desde que lo enviás.

📧 Te avisaremos por mail cuando esté listo.

⚠️ *Importante:* Tenés que hacer el trámite por cada carrera que quieras cursar.",
¿Dónde tengo que llenar el formulario para pedir equivalencias comunes entre carreras de FAMAF?,Cursado,"📌 *Equivalencias comunes entre carreras de FAMAF*

El trámite de reconocimiento se realizará de acuerdo a: 

* *Trámite automático*: si la materia tiene el *mismo código en ambas carreras* (ej: Física General I en Lic. en Astronomía y Lic. en Física), no tenés que hacer nada. Mirá la lista completa de materias con trámite automático acá: 🔗 https://www.famaf.unc.edu.ar/documents/5076/RHCD-2024-397-E-UNC-DEC_FAMAF_-_ANEXO_I.pdf
* *Trámite a solicitud*: si la materia tiene código o nombre distinto pero se consideran equivalentes, tenés que pedir la equivalencia. Hay dos casos:
      ↳ *Materias equivalentes*: poseen *cursadas idénticas* (ej: Matemática Discreta I en Lic. en Cs. de la Computación y Matemática Aplicada).
      ↳ *Materias con contenidos equivalentes*: contenidos similares pero dictadas en otra carrera (ej: Análisis Numérico I en Lic. en Matemática y Lic. en Cs. de la Computación).

*Lista completa de materias cuyas equivalencias se deben solicitar:* 
* 🔗 https://www.famaf.unc.edu.ar/documents/5077/RHCD-2024-397-E-UNC-DEC_FAMAF_-_ANEXO_II.pdf (Materias Equivalentes).
* 🔗 https://www.famaf.unc.edu.ar/documents/5078/RHCD-2024-397-E-UNC-DEC_FAMAF_-_ANEXO_III.pdf (Materias con contenidos equivalentes).

*¿Cómo pedirlas?*
👉 Rellená este formulario: https://forms.gle/bY9kevLfS6by49VA7.
👉 Si no figura en el formulario, completá esta nota: https://docs.google.com/document/d/1klRjzZnZstC-ES7BbqN3FYl0uB1LzheP/edit y enviála a nfigueroa@unc.edu.ar.

⚠️ *Aviso importante*: Las respuestas llegan en 15 días hábiles por correo electrónico.",
¿Cómo saco el certificado de alumno regular?,Cursado,"📌 *Solicitar Certificado de alumno regular*

1. Entrá a Guaraní y andá a *Trámites* > *Solicitar Constancias y Certificados* > *Nueva Solicitud*.
2. Completá los datos que te solicitan y guardá.
3. ¡Listo! El certificado se genera automáticamente.",
¿Qué tengo que hacer para inscribirme al trabajo especial?,Egreso,"📌 *Inscripción al trabajo especial*

Las inscripciones son *al comienzo de cada cuatrimestre*, para el primer cuatrimestre es durante todo el mes de marzo y el mes de agosto.

Tenes que enviar a *nfigueroa@unc.edu.ar* en un *único PDF*, lo siguiente:
* Un resumen de aproximadamente 10 líneas.
* Un plan de trabajo que incluya la bilbiografía que vas a comenzar a usar.
* Una nota solicitando la inscripción, siguiendo este modelo: 🔗 https://drive.google.com/file/d/1Bql8hNBtR6KPZ1fA6-A6hkif5htV5anD/view?usp=sharing.

🔍 *Más info* en el reglamento, ahí podes encontrar quienes pueden ser tus directores y demás:
https://www.famaf.unc.edu.ar/documents/1906/Reglamentaci%C3%B3n_Trabajo_Especial.pdf.",
¿Qué tengo que hacer para inscirbir mi tesis?,Egreso,"📌 *Inscripción al trabajo especial*

Las inscripciones son *al comienzo de cada cuatrimestre*, para el primer cuatrimestre es durante todo el mes de marzo y el mes de agosto.

Tenes que enviar a *nfigueroa@unc.edu.ar* en un *único PDF*, lo siguiente:
* Un resumen de aproximadamente 10 líneas.
* Un plan de trabajo que incluya la bilbiografía que vas a comenzar a usar.
* Una nota solicitando la inscripción, siguiendo este modelo: 🔗 https://drive.google.com/file/d/1Bql8hNBtR6KPZ1fA6-A6hkif5htV5anD/view?usp=sharing.

🔍 *Más info* en el reglamento, ahí podes encontrar quienes pueden ser tus directores y demás:
https://www.famaf.unc.edu.ar/documents/1906/Reglamentaci%C3%B3n_Trabajo_Especial.pdf.",
¿Qué tengo que hacer para inscribir mi trabajo final?,Egreso,"📌 *Inscripción al trabajo especial*

Las inscripciones son *al comienzo de cada cuatrimestre*, para el primer cuatrimestre es durante todo el mes de marzo y el mes de agosto.

Tenes que enviar a *nfigueroa@unc.edu.ar* en un *único PDF*, lo siguiente:
* Un resumen de aproximadamente 10 líneas.
* Un plan de trabajo que incluya la bilbiografía que vas a comenzar a usar.
* Una nota solicitando la inscripción, siguiendo este modelo: 🔗 https://drive.google.com/file/d/1Bql8hNBtR6KPZ1fA6-A6hkif5htV5anD/view?usp=sharing.

🔍 *Más info* en el reglamento, ahí podes encontrar quienes pueden ser tus directores y demás:
https://www.famaf.unc.edu.ar/documents/1906/Reglamentaci%C3%B3n_Trabajo_Especial.pdf.",
¿Qué tengo que hacer para inscribir mi trabajo de grado?,Egreso,"📌 *Inscripción al trabajo especial*

Las inscripciones son *al comienzo de cada cuatrimestre*, para el primer cuatrimestre es durante todo el mes de marzo y el mes de agosto.

Tenes que enviar a *nfigueroa@unc.edu.ar* en un *único PDF*, lo siguiente:
* Un resumen de aproximadamente 10 líneas.
* Un plan de trabajo que incluya la bilbiografía que vas a comenzar a usar.
* Una nota solicitando la inscripción, siguiendo este modelo: 🔗 https://drive.google.com/file/d/1Bql8hNBtR6KPZ1fA6-A6hkif5htV5anD/view?usp=sharing.

🔍 *Más info* en el reglamento, ahí podes encontrar quienes pueden ser tus directores y demás:
https://www.famaf.unc.edu.ar/documents/1906/Reglamentaci%C3%B3n_Trabajo_Especial.pdf.",
¿Dónde encuentro los Planes de Estudio?,Información General,"📌 *Planes de Estudio*

Ingresá a este enlace para poder ver todos los planes de estudio 
🔗 https://www.famaf.unc.edu.ar/academica/grado/",
¿Cuáles son los horarios del Despacho de Estudiantes?,Información General,"El *Despacho de Estudiantes* está en el *primer piso* de FAMAF. 

⏰ *Horarios*: 
* *Lunes*: 8:30 a 14:30 hs.
* *Martes a Jueves*: 8:30 a 18:00 hs.
* *Viernes*: 8:30 a 17:00 hs 

📧 Si necesitás ayuda por mail, escribí a despachoestudiantes@famaf.unc.edu.ar.",
¿Cuál es el correo de la Secretaría de Asuntos Estudiantiles (SAE)?,Información General,El correo de la *Secretaría de Asuntos Estudiantiles* (SAE) es sae@famaf.unc.edu.ar.,
¿Cómo se hace el trámite para el Boleto Educativo Gratuito (BEG) o Boleto Educativo Cordobés?,Información General,"🚌 *Boleto Educativo Cordobés*

📌 *Requisitos previos*:
* *Estar inscripto* en las materias que vas a cursar este cuatri.
* Tener *Ciudadano Digital nivel 2*.

👉 *Pasos para el trámite*:
1️⃣ Entrá a Guaraní.
2️⃣ En *Trámites* elegí *Tramitar Boleto Estudiantil Gratuito*.
3️⃣ Autorizá a la Secretaría de Transporte a consultar tus datos.
4️⃣ Entrá a *Ciudadano Digital*: https://cidi.cba.gov.ar/portal-publico/.
5️⃣ Completá el *Formulario Único de Postulantes*.

📌 *Importante*:
* Te van a responder por *correo electrónico* con los pasos a seguir.
* Si no hiciste el traspaso a *micronauta*, sacá turno en la Oficina de Transporte para activar tu tarjeta.

🔍 *Más info*: https://www.cba.gov.ar/boleto-cordobes/",
¿Cómo me inscribo a la Beca del Comedor Universitario (Nutrirse) de la UNC?,Información General,"📌 *Inscripción a Beca Nutrirse 2026*: Tenés tiempo desde el *23/02* hasta el *02/03* para anotarte.

*Pasos para la inscripción*: 

1️⃣ Entrá a *Guaraní*: https://autogestion.guarani.unc.edu.ar/.
2️⃣ Andá a *Trámites* > *Tramitar Accesos SAE UNC*. 
3️⃣ Marcá la casilla *Autorizo a la Secretaría de Asuntos Estudiantiles UNC a consultar mis datos* y guardá. 
4️⃣ Volvé a *Trámites* y elegí *Convocatoria a Becas*. 
5️⃣ Seleccioná *Beca Nutrirse* y hacé clic en *Aplicar*. 
6️⃣ Revisá la info y aceptá si todo está bien. 
7️⃣ Completá *Datos Personales*, marcá *Declaro que mis datos son correctos* y continuá. 
8️⃣ Subí la documentación digital requerida (hacé clic en *Documento Digital* > *Examinar* > *Subir*). 
9️⃣ Completá el cuestionario y terminá. 

*¿Cómo saber el estado de mi postulación?* 
Entrá a *Convocatoria a Becas* y mirá el *Estado*: 
* *Requiere modificaciones*: Tenés que corregir o subir documentación. 
* *No beneficiario de becas*: No te dieron la beca.
* *Beneficiario*: ¡Sos beneficiario de la beca! 🎉 

💡 *¿Dudas?* Mirá estos enlaces: 
*Tutorial paso a paso*: 
🔗 https://www.unc.edu.ar/sites/default/files/Tutorial%20Becas%202025.pdf.
*Info general*: 
🔗 https://www.unc.edu.ar/vida-estudiantil/becas-nutrirse-2026.
",
¿Cuál es el material de estudio para el curso de ingreso 2026?,Ingreso," El *material de estudio* 📚 para el curso de ingreso 

Podés descargarlo acá:
🔗 https://www.famaf.unc.edu.ar/documents/4592/Material_Estudio_Ingreso_FAMAF_2024.pdf.

Incluye los temas que se van a dar en clase y ejercicios para practicar.",
¿Cuál es el material de estudio para el curso de nivelación?,Ingreso," El *material de estudio* 📚 para el curso de ingreso 

Podés descargarlo acá:
🔗 https://www.famaf.unc.edu.ar/documents/4592/Material_Estudio_Ingreso_FAMAF_2024.pdf.

Incluye los temas que se van a dar en clase y ejercicios para practicar.",
¿Cuál es el material de estudio para el cursillo?,Ingreso," El *material de estudio* 📚 para el curso de ingreso 

Podés descargarlo acá:
🔗 https://www.famaf.unc.edu.ar/documents/4592/Material_Estudio_Ingreso_FAMAF_2024.pdf.

Incluye los temas que se van a dar en clase y ejercicios para practicar.",
¿Cuál es el material de estudio para el ingreso?,Ingreso," El *material de estudio* 📚 para el curso de ingreso 

Podés descargarlo acá:
🔗 https://www.famaf.unc.edu.ar/documents/4592/Material_Estudio_Ingreso_FAMAF_2024.pdf.

Incluye los temas que se van a dar en clase y ejercicios para practicar.",
¿Cuándo se puede rendir el Trabajo Especial?,Egreso,"📌 *Rendir el Trabajo Especial*
Se puede rendir durante las épocas de exámenes establecidas.

*¿Qué necesitás para rendirlo?*
Tenés que presentar una nota dirigida al/a la Decano/a de FAMAF, con el aval de tus directores/as con:
* El *título definitivo* del trabajo.
* La *fecha propuesta* para el examen.
* El *tribunal examinador*.
* Adjuntá la *carátula* del trabajo.

Además, deberás entregar una copia impresa del trabajo a cada miembro del tribunal.

⚠️ *Importante:* La presentación de todo esto debe ser *30 días antes* de la fecha de examen propuesta.

🔍 Más info en el Reglamento: https://www.famaf.unc.edu.ar/documents/1906/Reglamentaci%C3%B3n_Trabajo_Especial.pdf",
¿Cuándo se puede rendir la tesis?,Egreso,"📌 *Rendir el Trabajo Especial*
Se puede rendir durante las épocas de exámenes establecidas.

*¿Qué necesitás para rendirlo?*
Tenés que presentar una nota dirigida al/a la Decano/a de FAMAF, con el aval de tus directores/as con:
* El *título definitivo* del trabajo.
* La *fecha propuesta* para el examen.
* El *tribunal examinador*.
* Adjuntá la *carátula* del trabajo.

Además, deberás entregar una copia impresa del trabajo a cada miembro del tribunal.

⚠️ *Importante:* La presentación de todo esto debe ser *30 días antes* de la fecha de examen propuesta.

🔍 Más info en el Reglamento: https://www.famaf.unc.edu.ar/documents/1906/Reglamentaci%C3%B3n_Trabajo_Especial.pdf",
¿Cuándo se puede rendir el trabajo final?,Egreso,"📌 *Rendir el Trabajo Especial*
Se puede rendir durante las épocas de exámenes establecidas.

*¿Qué necesitás para rendirlo?*
Tenés que presentar una nota dirigida al/a la Decano/a de FAMAF, con el aval de tus directores/as con:
* El *título definitivo* del trabajo.
* La *fecha propuesta* para el examen.
* El *tribunal examinador*.
* Adjuntá la *carátula* del trabajo.

Además, deberás entregar una copia impresa del trabajo a cada miembro del tribunal.

⚠️ *Importante:* La presentación de todo esto debe ser *30 días antes* de la fecha de examen propuesta.

🔍 Más info en el Reglamento: https://www.famaf.unc.edu.ar/documents/1906/Reglamentaci%C3%B3n_Trabajo_Especial.pdf",
¿Cuándo se puede rendir el trabajo de grado?,Egreso,"📌 *Rendir el Trabajo Especial*
Se puede rendir durante las épocas de exámenes establecidas.

*¿Qué necesitás para rendirlo?*
Tenés que presentar una nota dirigida al/a la Decano/a de FAMAF, con el aval de tus directores/as con:
* El *título definitivo* del trabajo.
* La *fecha propuesta* para el examen.
* El *tribunal examinador*.
* Adjuntá la *carátula* del trabajo.

Además, deberás entregar una copia impresa del trabajo a cada miembro del tribunal.

⚠️ *Importante:* La presentación de todo esto debe ser *30 días antes* de la fecha de examen propuesta.

🔍 Más info en el Reglamento: https://www.famaf.unc.edu.ar/documents/1906/Reglamentaci%C3%B3n_Trabajo_Especial.pdf",
¿Cómo me inscribo en la Biblioteca de FAMAF para retirar libros?,Información General,"📚 *Inscripción en la Biblioteca de FAMAF*

Para inscribirte y retirar libros, tenés que acercarte un día a la biblio de *lunes a viernes de 10 a 12 hs* con tu *DNI* y el *certificado de alumno regular* (que podés mostrarlo desde el celu).

¡Listo! Ya podés empezar a usar la biblioteca. 😊",
¿Dónde puedo ver las correlatividades de mi carrera?,Información General,"📌 *Correlatividades*

Para ver todas las correlatividades : 
* Ingresa esta enlace: 🔗 https://www.famaf.unc.edu.ar/academica/grado/
* Seleccioná tu carrera en la lista.
* Buscá la sección *Características de la Carrera*.
* Ahí vas a encontrar el *Régimen de Correlatividades* con toda la info. 

¡Espero que te sirva! 😊",
¿Donde puedo consultar la fecha de las colaciones?,Egreso,"📅 *Fechas de colación 2026*: 
* *25/06* (1er cuatrimestre).
* *26/11* (2do cuatrimestre). 

🔎 Para más detalles, mirá el *Calendario Académico* en: https://www.famaf.unc.edu.ar/la-facultad/institucional/secretar%C3%ADas/secretaria-academica/calendario-acad%C3%A9mico/. 

Ahí vas a encontrar todo sobre cursado, exámenes y colaciones. 😊",
¿Cuales son los horarios de biblioteca?,Información General,Los *horarios de la Biblioteca Daniel Oscar Sonzini (FAMAF)* 📚 son de lunes a viernes: 8:30 a 18:30 hs.,
Descripción de las distintas áreas y secretarías,Información General,"📌 *Áreas y secretarías de la FAMAF*

👉 *Dirección General de Áreas (DGA)*
Coordinan al personal técnico-administrativo y ayudan con políticas de recursos humanos. Controlan ausentismo.

👉 *Área de Enseñanza (ADE)*
Gestionan inscripciones a materias y exámenes. La Oficialía maneja actas, certificados y registros de egresados.

👉 *Área de Personal y Sueldos (DPS)*
Se ocupan de sueldos, licencias y documentación laboral del personal.

👉 *Departamento de Informática (DI)*
Manejan la infraestructura informática, soporte técnico y redes.

👉 *Taller de Mecánica de Precisión*
https://www.famaf.unc.edu.ar/la-facultad/institucional/areas-y-departamentos/taller-de-mec%C3%A1nica-de-precisi%C3%B3n/

👉 *Taller de Electrónica*
Diseñan, construyen y reparan equipamiento electrónico para actividades académicas.

👉 *Área de Mantenimiento y Maestranza*
Se encargan del mantenimiento del edificio y servicios generales.

👉 *Área de Posgrado*
https://www.famaf.unc.edu.ar/la-facultad/institucional/areas-y-departamentos/%C3%A1rea-de-posgrado/

👉 *Área Económico-Financiera*
Administran recursos económicos, pagos, proveedores y fondos.

👉 *Área Administrativa*
Gestionan trámites administrativos, concursos y evaluación docente.

👉 *Biblioteca “Daniel Oscar Sonzini”*
Ofrecen servicios de información, colecciones bibliográficas y bases de datos académicas.",
Donde encuentro el plan de estudio de la carrera de Computación,Información General,"📚 *Planes de estudio*

Los podés encontrar siguiendo estos pasos:
1️⃣ Ingresá siguiente enlace: https://www.famaf.unc.edu.ar/academica/grado/
2️⃣ Seleccioná la carrera que te interese.
3️⃣ Al final de la página vas a poder encontrar su Plan de Estudio.",
Donde encuentro el plan de estudio de la carrera de Matemática,Información General,"📚 *Planes de estudio*

Los podés encontrar siguiendo estos pasos:
1️⃣ Ingresá siguiente enlace: https://www.famaf.unc.edu.ar/academica/grado/
2️⃣ Seleccioná la carrera que te interese.
3️⃣ Al final de la página vas a poder encontrar su Plan de Estudio.",
Donde encuentro el plan de estudio de la carrera de Astronomía,Información General,"📚 *Planes de estudio*

Los podés encontrar siguiendo estos pasos:
1️⃣ Ingresá siguiente enlace: https://www.famaf.unc.edu.ar/academica/grado/
2️⃣ Seleccioná la carrera que te interese.
3️⃣ Al final de la página vas a poder encontrar su Plan de Estudio.",
Donde encuentro el plan de estudio de la carrera de Física,Información General,"📚 *Planes de estudio*

Los podés encontrar siguiendo estos pasos:
1️⃣ Ingresá siguiente enlace: https://www.famaf.unc.edu.ar/academica/grado/
2️⃣ Seleccioná la carrera que te interese.
3️⃣ Al final de la página vas a poder encontrar su Plan de Estudio.",
Donde encuentro el plan de estudio de la carrera de Matemática Aplicada,Información General,"📚 *Planes de estudio*

Los podés encontrar siguiendo estos pasos:
1️⃣ Ingresá siguiente enlace: https://www.famaf.unc.edu.ar/academica/grado/
2️⃣ Seleccioná la carrera que te interese.
3️⃣ Al final de la página vas a poder encontrar su Plan de Estudio.",
Donde encuentro el plan de estudio de la carrera de Hidrometeorología,Información General,"📚 *Planes de estudio*

Los podés encontrar siguiendo estos pasos:
1️⃣ Ingresá siguiente enlace: https://www.famaf.unc.edu.ar/academica/grado/
2️⃣ Seleccioná la carrera que te interese.
3️⃣ Al final de la página vas a poder encontrar su Plan de Estudio.",
Donde encuentro el plan de estudio del Profesorado en Matemática,Información General,"📚 *Planes de estudio*

Los podés encontrar siguiendo estos pasos:
1️⃣ Ingresá siguiente enlace: https://www.famaf.unc.edu.ar/academica/grado/
2️⃣ Seleccioná la carrera que te interese.
3️⃣ Al final de la página vas a poder encontrar su Plan de Estudio.",
Donde encuentro el plan de estudio del Profesorado en Física,Información General,"📚 *Planes de estudio*

Los podés encontrar siguiendo estos pasos:
1️⃣ Ingresá siguiente enlace: https://www.famaf.unc.edu.ar/academica/grado/
2️⃣ Seleccioná la carrera que te interese.
3️⃣ Al final de la página vas a poder encontrar su Plan de Estudio.",
Donde encuentro el plan de estudio de Analista en Computación,Información General,"📚 *Planes de estudio*

Los podés encontrar siguiendo estos pasos:
1️⃣ Ingresá siguiente enlace: https://www.famaf.unc.edu.ar/academica/grado/
2️⃣ Seleccioná la carrera que te interese.
3️⃣ Al final de la página vas a poder encontrar su Plan de Estudio.",
Donde encuentro el plan de estudio de Tecnicatura en Matemática Aplicada,Información General,"📚 *Planes de estudio*

Los podés encontrar siguiendo estos pasos:
1️⃣ Ingresá siguiente enlace: https://www.famaf.unc.edu.ar/academica/grado/
2️⃣ Seleccioná la carrera que te interese.
3️⃣ Al final de la página vas a poder encontrar su Plan de Estudio.",
Donde encuentro el plan de estudio de Tecnicatura en Astronomía,Información General,"📚 *Planes de estudio*

Los podés encontrar siguiendo estos pasos:
1️⃣ Ingresá siguiente enlace: https://www.famaf.unc.edu.ar/academica/grado/
2️⃣ Seleccioná la carrera que te interese.
3️⃣ Al final de la página vas a poder encontrar su Plan de Estudio.",
¿Cómo me inscribo para rendir el examen final de Álgebra?,Exámenes,"📚 *Pasos para inscribirte a los finales*

1️⃣ Entrá a Guaraní: https://autogestion.guarani.unc.edu.ar/.
2️⃣ Buscá la opción *Inscripción a Exámenes*.
3️⃣ Elegí la materia que querés rendir.
4️⃣ Decidí si rendís como *libre* o *regular*

✅ Hacé clic en *Inscribirse* y listo!

¿Necesitás ayuda con algo más?",
¿Cómo me inscribo para rendir el examen final de Análisis Matemático?,Exámenes,"📚 *Pasos para inscribirte a los finales*

1️⃣ Entrá a Guaraní: https://autogestion.guarani.unc.edu.ar/.
2️⃣ Buscá la opción *Inscripción a Exámenes*.
3️⃣ Elegí la materia que querés rendir.
4️⃣ Decidí si rendís como *libre* o *regular*

✅ Hacé clic en *Inscribirse* y listo!

¿Necesitás ayuda con algo más?",
¿Cómo me inscribo para rendir el examen final de Introducción a la Física?,Exámenes,"📚 *Pasos para inscribirte a los finales*

1️⃣ Entrá a Guaraní: https://autogestion.guarani.unc.edu.ar/.
2️⃣ Buscá la opción *Inscripción a Exámenes*.
3️⃣ Elegí la materia que querés rendir.
4️⃣ Decidí si rendís como *libre* o *regular*

✅ Hacé clic en *Inscribirse* y listo!

¿Necesitás ayuda con algo más?",
¿Cómo me inscribo para rendir el examen final de Física General?,Exámenes,"📚 *Pasos para inscribirte a los finales*

1️⃣ Entrá a Guaraní: https://autogestion.guarani.unc.edu.ar/.
2️⃣ Buscá la opción *Inscripción a Exámenes*.
3️⃣ Elegí la materia que querés rendir.
4️⃣ Decidí si rendís como *libre* o *regular*

✅ Hacé clic en *Inscribirse* y listo!

¿Necesitás ayuda con algo más?",
¿Cómo me inscribo para rendir el examen final de Álgebra II?,Exámenes,"📚 *Pasos para inscribirte a los finales*

1️⃣ Entrá a Guaraní: https://autogestion.guarani.unc.edu.ar/.
2️⃣ Buscá la opción *Inscripción a Exámenes*.
3️⃣ Elegí la materia que querés rendir.
4️⃣ Decidí si rendís como *libre* o *regular*

✅ Hacé clic en *Inscribirse* y listo!

¿Necesitás ayuda con algo más?",
¿Cómo me inscribo para rendir el examen final de Análisis Numérico II?,Exámenes,"📚 *Pasos para inscribirte a los finales*

1️⃣ Entrá a Guaraní: https://autogestion.guarani.unc.edu.ar/.
2️⃣ Buscá la opción *Inscripción a Exámenes*.
3️⃣ Elegí la materia que querés rendir.
4️⃣ Decidí si rendís como *libre* o *regular*

✅ Hacé clic en *Inscribirse* y listo!

¿Necesitás ayuda con algo más?",
¿Cómo me inscribo para rendir el examen final de Geometría Diferencial?,Exámenes,"📚 *Pasos para inscribirte a los finales*

1️⃣ Entrá a Guaraní: https://autogestion.guarani.unc.edu.ar/.
2️⃣ Buscá la opción *Inscripción a Exámenes*.
3️⃣ Elegí la materia que querés rendir.
4️⃣ Decidí si rendís como *libre* o *regular*

✅ Hacé clic en *Inscribirse* y listo!

¿Necesitás ayuda con algo más?",
¿Cómo me inscribo para rendir el examen final de Probabilidad?,Exámenes,"📚 *Pasos para inscribirte a los finales*

1️⃣ Entrá a Guaraní: https://autogestion.guarani.unc.edu.ar/.
2️⃣ Buscá la opción *Inscripción a Exámenes*.
3️⃣ Elegí la materia que querés rendir.
4️⃣ Decidí si rendís como *libre* o *regular*

✅ Hacé clic en *Inscribirse* y listo!

¿Necesitás ayuda con algo más?",
¿Cómo me inscribo para rendir el examen final de Análisis Numérico I?,Exámenes,"📚 *Pasos para inscribirte a los finales*

1️⃣ Entrá a Guaraní: https://autogestion.guarani.unc.edu.ar/.
2️⃣ Buscá la opción *Inscripción a Exámenes*.
3️⃣ Elegí la materia que querés rendir.
4️⃣ Decidí si rendís como *libre* o *regular*

✅ Hacé clic en *Inscribirse* y listo!

¿Necesitás ayuda con algo más?",
¿Cómo me inscribo para rendir el examen final de Análisis Matemático III?,Exámenes,"📚 *Pasos para inscribirte a los finales*

1️⃣ Entrá a Guaraní: https://autogestion.guarani.unc.edu.ar/.
2️⃣ Buscá la opción *Inscripción a Exámenes*.
3️⃣ Elegí la materia que querés rendir.
4️⃣ Decidí si rendís como *libre* o *regular*

✅ Hacé clic en *Inscribirse* y listo!

¿Necesitás ayuda con algo más?",
¿Cómo me inscribo para rendir el examen final de Álgebra III?,Exámenes,"📚 *Pasos para inscribirte a los finales*

1️⃣ Entrá a Guaraní: https://autogestion.guarani.unc.edu.ar/.
2️⃣ Buscá la opción *Inscripción a Exámenes*.
3️⃣ Elegí la materia que querés rendir.
4️⃣ Decidí si rendís como *libre* o *regular*

✅ Hacé clic en *Inscribirse* y listo!

¿Necesitás ayuda con algo más?",
¿Cómo me inscribo para rendir el examen final de Análisis Matemático II?,Exámenes,"📚 *Pasos para inscribirte a los finales*

1️⃣ Entrá a Guaraní: https://autogestion.guarani.unc.edu.ar/.
2️⃣ Buscá la opción *Inscripción a Exámenes*.
3️⃣ Elegí la materia que querés rendir.
4️⃣ Decidí si rendís como *libre* o *regular*

✅ Hacé clic en *Inscribirse* y listo!

¿Necesitás ayuda con algo más?",
¿Cómo me inscribo para rendir el examen final de Seminarios Astronómicos?,Exámenes,"📚 *Pasos para inscribirte a los finales*

1️⃣ Entrá a Guaraní: https://autogestion.guarani.unc.edu.ar/.
2️⃣ Buscá la opción *Inscripción a Exámenes*.
3️⃣ Elegí la materia que querés rendir.
4️⃣ Decidí si rendís como *libre* o *regular*

✅ Hacé clic en *Inscribirse* y listo!

¿Necesitás ayuda con algo más?",
¿Cómo me inscribo para rendir el examen final de Física Experimental?,Exámenes,"📚 *Pasos para inscribirte a los finales*

1️⃣ Entrá a Guaraní: https://autogestion.guarani.unc.edu.ar/.
2️⃣ Buscá la opción *Inscripción a Exámenes*.
3️⃣ Elegí la materia que querés rendir.
4️⃣ Decidí si rendís como *libre* o *regular*

✅ Hacé clic en *Inscribirse* y listo!

¿Necesitás ayuda con algo más?",
¿Cómo me inscribo para rendir el examen final de Física General II ?,Exámenes,"📚 *Pasos para inscribirte a los finales*

1️⃣ Entrá a Guaraní: https://autogestion.guarani.unc.edu.ar/.
2️⃣ Buscá la opción *Inscripción a Exámenes*.
3️⃣ Elegí la materia que querés rendir.
4️⃣ Decidí si rendís como *libre* o *regular*

✅ Hacé clic en *Inscribirse* y listo!

¿Necesitás ayuda con algo más?",
¿Cómo me inscribo para rendir el examen final de Astronomía General?,Exámenes,"📚 *Pasos para inscribirte a los finales*

1️⃣ Entrá a Guaraní: https://autogestion.guarani.unc.edu.ar/.
2️⃣ Buscá la opción *Inscripción a Exámenes*.
3️⃣ Elegí la materia que querés rendir.
4️⃣ Decidí si rendís como *libre* o *regular*

✅ Hacé clic en *Inscribirse* y listo!

¿Necesitás ayuda con algo más?",
¿Cómo me inscribo para rendir el examen final de Métodos Matemáticos de la Física?,Exámenes,"📚 *Pasos para inscribirte a los finales*

1️⃣ Entrá a Guaraní: https://autogestion.guarani.unc.edu.ar/.
2️⃣ Buscá la opción *Inscripción a Exámenes*.
3️⃣ Elegí la materia que querés rendir.
4️⃣ Decidí si rendís como *libre* o *regular*

✅ Hacé clic en *Inscribirse* y listo!

¿Necesitás ayuda con algo más?",
¿Cómo me inscribo para rendir el examen final de Física Experimental II?,Exámenes,"📚 *Pasos para inscribirte a los finales*

1️⃣ Entrá a Guaraní: https://autogestion.guarani.unc.edu.ar/.
2️⃣ Buscá la opción *Inscripción a Exámenes*.
3️⃣ Elegí la materia que querés rendir.
4️⃣ Decidí si rendís como *libre* o *regular*

✅ Hacé clic en *Inscribirse* y listo!

¿Necesitás ayuda con algo más?",
¿Cómo me inscribo para rendir el examen final de Métodos Numéricos?,Exámenes,"📚 *Pasos para inscribirte a los finales*

1️⃣ Entrá a Guaraní: https://autogestion.guarani.unc.edu.ar/.
2️⃣ Buscá la opción *Inscripción a Exámenes*.
3️⃣ Elegí la materia que querés rendir.
4️⃣ Decidí si rendís como *libre* o *regular*

✅ Hacé clic en *Inscribirse* y listo!

¿Necesitás ayuda con algo más?",
¿Cómo me inscribo para rendir el examen final de Introducción a los Algoritmos?,Exámenes,"📚 *Pasos para inscribirte a los finales*

1️⃣ Entrá a Guaraní: https://autogestion.guarani.unc.edu.ar/.
2️⃣ Buscá la opción *Inscripción a Exámenes*.
3️⃣ Elegí la materia que querés rendir.
4️⃣ Decidí si rendís como *libre* o *regular*

✅ Hacé clic en *Inscribirse* y listo!

¿Necesitás ayuda con algo más?",
¿Cómo me inscribo para rendir el examen final de Matemática Discreta?,Exámenes,"📚 *Pasos para inscribirte a los finales*

1️⃣ Entrá a Guaraní: https://autogestion.guarani.unc.edu.ar/.
2️⃣ Buscá la opción *Inscripción a Exámenes*.
3️⃣ Elegí la materia que querés rendir.
4️⃣ Decidí si rendís como *libre* o *regular*

✅ Hacé clic en *Inscribirse* y listo!

¿Necesitás ayuda con algo más?",
Cómo me inscribo para rendir el examen final de Algoritmos y Estructuras de Datos?,Exámenes,"📚 *Pasos para inscribirte a los finales*

1️⃣ Entrá a Guaraní: https://autogestion.guarani.unc.edu.ar/.
2️⃣ Buscá la opción *Inscripción a Exámenes*.
3️⃣ Elegí la materia que querés rendir.
4️⃣ Decidí si rendís como *libre* o *regular*

✅ Hacé clic en *Inscribirse* y listo!

¿Necesitás ayuda con algo más?",
¿Cómo me inscribo para rendir el examen final de Algoritmos y Estructuras de Datos II?,Exámenes,"📚 *Pasos para inscribirte a los finales*

1️⃣ Entrá a Guaraní: https://autogestion.guarani.unc.edu.ar/.
2️⃣ Buscá la opción *Inscripción a Exámenes*.
3️⃣ Elegí la materia que querés rendir.
4️⃣ Decidí si rendís como *libre* o *regular*

✅ Hacé clic en *Inscribirse* y listo!

¿Necesitás ayuda con algo más?",
¿Cómo me inscribo para rendir el examen final de Probabilidad y Estadística?,Exámenes,"📚 *Pasos para inscribirte a los finales*

1️⃣ Entrá a Guaraní: https://autogestion.guarani.unc.edu.ar/.
2️⃣ Buscá la opción *Inscripción a Exámenes*.
3️⃣ Elegí la materia que querés rendir.
4️⃣ Decidí si rendís como *libre* o *regular*

✅ Hacé clic en *Inscribirse* y listo!

¿Necesitás ayuda con algo más?",
¿Cómo me inscribo para rendir el examen final de Organización del Computador?,Exámenes,"📚 *Pasos para inscribirte a los finales*

1️⃣ Entrá a Guaraní: https://autogestion.guarani.unc.edu.ar/.
2️⃣ Buscá la opción *Inscripción a Exámenes*.
3️⃣ Elegí la materia que querés rendir.
4️⃣ Decidí si rendís como *libre* o *regular*

✅ Hacé clic en *Inscribirse* y listo!

¿Necesitás ayuda con algo más?",
¿Cómo me inscribo para rendir el examen final de Introducción a la Lógica y la Computación ?,Exámenes,"📚 *Pasos para inscribirte a los finales*

1️⃣ Entrá a Guaraní: https://autogestion.guarani.unc.edu.ar/.
2️⃣ Buscá la opción *Inscripción a Exámenes*.
3️⃣ Elegí la materia que querés rendir.
4️⃣ Decidí si rendís como *libre* o *regular*

✅ Hacé clic en *Inscribirse* y listo!

¿Necesitás ayuda con algo más?",
¿Cómo me inscribo para rendir el examen final de intro a la logica?,Exámenes,"📚 *Pasos para inscribirte a los finales*

1️⃣ Entrá a Guaraní: https://autogestion.guarani.unc.edu.ar/.
2️⃣ Buscá la opción *Inscripción a Exámenes*.
3️⃣ Elegí la materia que querés rendir.
4️⃣ Decidí si rendís como *libre* o *regular*

✅ Hacé clic en *Inscribirse* y listo!

¿Necesitás ayuda con algo más?",
¿Cómo me inscribo para rendir el examen final de Sistemas Operativos?,Exámenes,"📚 *Pasos para inscribirte a los finales*

1️⃣ Entrá a Guaraní: https://autogestion.guarani.unc.edu.ar/.
2️⃣ Buscá la opción *Inscripción a Exámenes*.
3️⃣ Elegí la materia que querés rendir.
4️⃣ Decidí si rendís como *libre* o *regular*

✅ Hacé clic en *Inscribirse* y listo!

¿Necesitás ayuda con algo más?",
¿Cómo me inscribo para rendir el examen final de Algoritmos y Programación?,Exámenes,"📚 *Pasos para inscribirte a los finales*

1️⃣ Entrá a Guaraní: https://autogestion.guarani.unc.edu.ar/.
2️⃣ Buscá la opción *Inscripción a Exámenes*.
3️⃣ Elegí la materia que querés rendir.
4️⃣ Decidí si rendís como *libre* o *regular*

✅ Hacé clic en *Inscribirse* y listo!

¿Necesitás ayuda con algo más?",
¿Cómo me inscribo para rendir el examen final de Cálculo?,Exámenes,"📚 *Pasos para inscribirte a los finales*

1️⃣ Entrá a Guaraní: https://autogestion.guarani.unc.edu.ar/.
2️⃣ Buscá la opción *Inscripción a Exámenes*.
3️⃣ Elegí la materia que querés rendir.
4️⃣ Decidí si rendís como *libre* o *regular*

✅ Hacé clic en *Inscribirse* y listo!

¿Necesitás ayuda con algo más?",
¿Cómo me inscribo para rendir el examen final de Cálculo II?,Exámenes,"📚 *Pasos para inscribirte a los finales*

1️⃣ Entrá a Guaraní: https://autogestion.guarani.unc.edu.ar/.
2️⃣ Buscá la opción *Inscripción a Exámenes*.
3️⃣ Elegí la materia que querés rendir.
4️⃣ Decidí si rendís como *libre* o *regular*

✅ Hacé clic en *Inscribirse* y listo!

¿Necesitás ayuda con algo más?",
¿Cómo me inscribo para rendir el examen final de Álgebra Lineal?,Exámenes,"📚 *Pasos para inscribirte a los finales*

1️⃣ Entrá a Guaraní: https://autogestion.guarani.unc.edu.ar/.
2️⃣ Buscá la opción *Inscripción a Exámenes*.
3️⃣ Elegí la materia que querés rendir.
4️⃣ Decidí si rendís como *libre* o *regular*

✅ Hacé clic en *Inscribirse* y listo!

¿Necesitás ayuda con algo más?",
¿Cómo me inscribo para rendir el examen final de Física?,Exámenes,"📚 *Pasos para inscribirte a los finales*

1️⃣ Entrá a Guaraní: https://autogestion.guarani.unc.edu.ar/.
2️⃣ Buscá la opción *Inscripción a Exámenes*.
3️⃣ Elegí la materia que querés rendir.
4️⃣ Decidí si rendís como *libre* o *regular*

✅ Hacé clic en *Inscribirse* y listo!

¿Necesitás ayuda con algo más?",
¿Cómo me inscribo para rendir el examen final de Física II?,Exámenes,"📚 *Pasos para inscribirte a los finales*

1️⃣ Entrá a Guaraní: https://autogestion.guarani.unc.edu.ar/.
2️⃣ Buscá la opción *Inscripción a Exámenes*.
3️⃣ Elegí la materia que querés rendir.
4️⃣ Decidí si rendís como *libre* o *regular*

✅ Hacé clic en *Inscribirse* y listo!

¿Necesitás ayuda con algo más?",
¿Cómo me inscribo para rendir el examen final de Cálculo Vectorial?,Exámenes,"📚 *Pasos para inscribirte a los finales*

1️⃣ Entrá a Guaraní: https://autogestion.guarani.unc.edu.ar/.
2️⃣ Buscá la opción *Inscripción a Exámenes*.
3️⃣ Elegí la materia que querés rendir.
4️⃣ Decidí si rendís como *libre* o *regular*

✅ Hacé clic en *Inscribirse* y listo!

¿Necesitás ayuda con algo más?",
¿Cómo me inscribo para rendir el examen final de Funciones Complejas?,Exámenes,"📚 *Pasos para inscribirte a los finales*

1️⃣ Entrá a Guaraní: https://autogestion.guarani.unc.edu.ar/.
2️⃣ Buscá la opción *Inscripción a Exámenes*.
3️⃣ Elegí la materia que querés rendir.
4️⃣ Decidí si rendís como *libre* o *regular*

✅ Hacé clic en *Inscribirse* y listo!

¿Necesitás ayuda con algo más?",
¿Cómo me inscribo para rendir el examen final de Complementos de Álgebra Lineal?,Exámenes,"📚 *Pasos para inscribirte a los finales*

1️⃣ Entrá a Guaraní: https://autogestion.guarani.unc.edu.ar/.
2️⃣ Buscá la opción *Inscripción a Exámenes*.
3️⃣ Elegí la materia que querés rendir.
4️⃣ Decidí si rendís como *libre* o *regular*

✅ Hacé clic en *Inscribirse* y listo!

¿Necesitás ayuda con algo más?",
¿Cómo me inscribo para rendir el examen final de Psicología del Aprendizaje?,Exámenes,"📚 *Pasos para inscribirte a los finales*

1️⃣ Entrá a Guaraní: https://autogestion.guarani.unc.edu.ar/.
2️⃣ Buscá la opción *Inscripción a Exámenes*.
3️⃣ Elegí la materia que querés rendir.
4️⃣ Decidí si rendís como *libre* o *regular*

✅ Hacé clic en *Inscribirse* y listo!

¿Necesitás ayuda con algo más?",
¿Cómo me inscribo para rendir el examen final de Elementos de Física?,Exámenes,"📚 *Pasos para inscribirte a los finales*

1️⃣ Entrá a Guaraní: https://autogestion.guarani.unc.edu.ar/.
2️⃣ Buscá la opción *Inscripción a Exámenes*.
3️⃣ Elegí la materia que querés rendir.
4️⃣ Decidí si rendís como *libre* o *regular*

✅ Hacé clic en *Inscribirse* y listo!

¿Necesitás ayuda con algo más?",
¿Cómo me inscribo para rendir el examen final de Pedagogía?,Exámenes,"📚 *Pasos para inscribirte a los finales*

1️⃣ Entrá a Guaraní: https://autogestion.guarani.unc.edu.ar/.
2️⃣ Buscá la opción *Inscripción a Exámenes*.
3️⃣ Elegí la materia que querés rendir.
4️⃣ Decidí si rendís como *libre* o *regular*

✅ Hacé clic en *Inscribirse* y listo!

¿Necesitás ayuda con algo más?",
¿Cómo me inscribo para rendir el examen final de Geometría?,Exámenes,"📚 *Pasos para inscribirte a los finales*

1️⃣ Entrá a Guaraní: https://autogestion.guarani.unc.edu.ar/.
2️⃣ Buscá la opción *Inscripción a Exámenes*.
3️⃣ Elegí la materia que querés rendir.
4️⃣ Decidí si rendís como *libre* o *regular*

✅ Hacé clic en *Inscribirse* y listo!

¿Necesitás ayuda con algo más?",
¿Cómo me inscribo para rendir el examen final de Complementos de Análisis?,Exámenes,"📚 *Pasos para inscribirte a los finales*

1️⃣ Entrá a Guaraní: https://autogestion.guarani.unc.edu.ar/.
2️⃣ Buscá la opción *Inscripción a Exámenes*.
3️⃣ Elegí la materia que querés rendir.
4️⃣ Decidí si rendís como *libre* o *regular*

✅ Hacé clic en *Inscribirse* y listo!

¿Necesitás ayuda con algo más?",
¿Dónde puedo ver las correlatividades de Matemática?,Información General,"📚 *Pasos para inscribirte a los finales*

1️⃣ Entrá a Guaraní: https://autogestion.guarani.unc.edu.ar/.
2️⃣ Buscá la opción *Inscripción a Exámenes*.
3️⃣ Elegí la materia que querés rendir.
4️⃣ Decidí si rendís como *libre* o *regular*

✅ Hacé clic en *Inscribirse* y listo!

¿Necesitás ayuda con algo más?",
¿Dónde puedo ver las correlatividades de Astronomia?,Información General,"📌 *Correlatividades* 

Para ver las correlatividades de tu carrera, seguí estos pasos:

1️⃣ Entrá a https://www.famaf.unc.edu.ar/academica/grado/.
2️⃣ Buscá tu carrera en la lista.
3️⃣ Dentro de la sección *Características de la Carrera*, fijate en *Régimen de Correlatividades*. 

Ahí vas a encontrar toda la info que necesitás. 😊",
¿Dónde puedo ver las correlatividades de Fisica?,Información General,"📌 *Correlatividades* 

Para ver las correlatividades de tu carrera, seguí estos pasos:

1️⃣ Entrá a https://www.famaf.unc.edu.ar/academica/grado/.
2️⃣ Buscá tu carrera en la lista.
3️⃣ Dentro de la sección *Características de la Carrera*, fijate en *Régimen de Correlatividades*. 

Ahí vas a encontrar toda la info que necesitás. 😊",
¿Dónde puedo ver las correlatividades de Computación?,Información General,"📌 *Correlatividades* 

Para ver las correlatividades de tu carrera, seguí estos pasos:

1️⃣ Entrá a https://www.famaf.unc.edu.ar/academica/grado/.
2️⃣ Buscá tu carrera en la lista.
3️⃣ Dentro de la sección *Características de la Carrera*, fijate en *Régimen de Correlatividades*. 

Ahí vas a encontrar toda la info que necesitás. 😊",
¿Dónde puedo ver las correlatividades de Matemática Aplicada?,Información General,"📌 *Correlatividades* 

Para ver las correlatividades de tu carrera, seguí estos pasos:

1️⃣ Entrá a https://www.famaf.unc.edu.ar/academica/grado/.
2️⃣ Buscá tu carrera en la lista.
3️⃣ Dentro de la sección *Características de la Carrera*, fijate en *Régimen de Correlatividades*. 

Ahí vas a encontrar toda la info que necesitás. 😊",
¿Dónde puedo ver las correlatividades de Hidrometeorología?,Información General,"📌 *Correlatividades* 

Para ver las correlatividades de tu carrera, seguí estos pasos:

1️⃣ Entrá a https://www.famaf.unc.edu.ar/academica/grado/.
2️⃣ Buscá tu carrera en la lista.
3️⃣ Dentro de la sección *Características de la Carrera*, fijate en *Régimen de Correlatividades*. 

Ahí vas a encontrar toda la info que necesitás. 😊",
¿Dónde puedo ver las correlatividades de Profesorado en Matemática?,Información General,"📌 *Correlatividades* 

Para ver las correlatividades de tu carrera, seguí estos pasos:

1️⃣ Entrá a https://www.famaf.unc.edu.ar/academica/grado/.
2️⃣ Buscá tu carrera en la lista.
3️⃣ Dentro de la sección *Características de la Carrera*, fijate en *Régimen de Correlatividades*. 

Ahí vas a encontrar toda la info que necesitás. 😊",
¿Dónde puedo ver las correlatividades de Profesorado en Física?,Información General,"📌 *Correlatividades* 

Para ver las correlatividades de tu carrera, seguí estos pasos:

1️⃣ Entrá a https://www.famaf.unc.edu.ar/academica/grado/.
2️⃣ Buscá tu carrera en la lista.
3️⃣ Dentro de la sección *Características de la Carrera*, fijate en *Régimen de Correlatividades*. 

Ahí vas a encontrar toda la info que necesitás. 😊",
¿Dónde puedo ver las correlatividades de Analista en Computación?,Información General,"📌 *Correlatividades* 

Para ver las correlatividades de tu carrera, seguí estos pasos:

1️⃣ Entrá a https://www.famaf.unc.edu.ar/academica/grado/.
2️⃣ Buscá tu carrera en la lista.
3️⃣ Dentro de la sección *Características de la Carrera*, fijate en *Régimen de Correlatividades*. 

Ahí vas a encontrar toda la info que necesitás. 😊",
¿Cuándo son las encuestas a los profesores?,Cursado,"📅 *Plazos para las encuestas a profesores*:

* *Primer cuatrimestre* (excepto anuales): Del *10/06* al *31/07*.
* *Segundo cuatrimestre* o *anuales*: Del *10/11* al *31/12*.

¡No te olvides!",
¿Cómo completar las encuestas a los profesores?,Cursado,"📌 *Encuestas de Profesores* 

Para completar las encuestas tenes que:
* Entrá al sistema Guaraní.
* Hacé clic en *Reportes* > *Encuestas pendientes*.
* Completá *todas las encuestas* que aparezcan hasta que no quede ninguna. 

Si tenés dudas, podes escribir a despachoestudiantes@famaf.unc.edu.ar. 😊",
¿Cómo completar las encuestas de las materias?,Cursado,"📌 *Encuestas de las Materias* 

Para completar las encuestas tenes que:
* Entrá al sistema Guaraní.
* Hacé clic en *Reportes* > *Encuestas pendientes*.
* Completá *todas las encuestas* que aparezcan hasta que no quede ninguna. 

Si tenés dudas, podes escribir a despachoestudiantes@famaf.unc.edu.ar. 😊",
¿Puedo rendir el examen final de una materia sin haberla cursado?,Exámenes,"Podés *rendir el final de una materia sin haberla cursado*, pero tenés que:
1. Tener todas las *correlatividades aprobadas*.
2. Inscribirte al final como *libre*.",
¿Cómo me inscribo a la próxima colación?,Egreso,"📌 *Inscripción a la colación*

Para inscribirte a la próxima colación seguí los pasos detallados en este documento: 🔗 https://drive.google.com/file/d/1pkY8i3dxU-Muz6KZUNN8CnrkxaXulGgZ/view?usp=sharing.

Una vez que termines el circuito de egreso, te mandamos un email confirmando tu inscripción con el *Certificado Analítico y de Título en trámite*.

💬 Para dudas sobre este trámite podés escribirle a nfigueroa@unc.edu.ar",
¿Cómo obtengo el título intermedio?,Egreso,"📌 *Obtener el título intermedio*

Podés seguir los pasos en este documento para obtener el título: 
🔗 https://drive.google.com/file/d/1pkY8i3dxU-Muz6KZUNN8CnrkxaXulGgZ/view?usp=sharing.

Una vez que finalices el circuito de egreso, te llegará un email confirmando tu inscripción a la colación con el certificado de *Título en trámite*.

Para dudas sobre este trámite podes escribirle a nfigueroa@unc.edu.ar",
¿Cómo obtengo mi título de Analista en Computación?,Egreso,"📌 *Obtener el título intermedio*

Podés seguir los pasos en este documento para obtener el título: 
🔗 https://drive.google.com/file/d/1pkY8i3dxU-Muz6KZUNN8CnrkxaXulGgZ/view?usp=sharing.

Una vez que finalices el circuito de egreso, te llegará un email confirmando tu inscripción a la colación con el certificado de *Título en trámite*.

Para dudas sobre este trámite podes escribirle a nfigueroa@unc.edu.ar",
¿Cómo obtengo el título de la Tecnicatura Universitaria en Matemática Aplicada?,Egreso,"📌 *Obtener el título intermedio*

Podés seguir los pasos en este documento para obtener el título: 
🔗 https://drive.google.com/file/d/1pkY8i3dxU-Muz6KZUNN8CnrkxaXulGgZ/view?usp=sharing.

Una vez que finalices el circuito de egreso, te llegará un email confirmando tu inscripción a la colación con el certificado de *Título en trámite*.

Para dudas sobre este trámite podes escribirle a nfigueroa@unc.edu.ar",
¿Cómo obtengo el título de la Tecnicatura Universitaria en Astronomía?,Egreso,"📌 *Obtener el título intermedio*

Podés seguir los pasos en este documento para obtener el título: 
🔗 https://drive.google.com/file/d/1pkY8i3dxU-Muz6KZUNN8CnrkxaXulGgZ/view?usp=sharing.

Una vez que finalices el circuito de egreso, te llegará un email confirmando tu inscripción a la colación con el certificado de *Título en trámite*.

Para dudas sobre este trámite podes escribirle a nfigueroa@unc.edu.ar",
¿Qué debo hacer con mi recibo de haberes en el Área de Personal y Sueldos?,Personal y Sueldos,"Los *Recibos de haberes*: te lo mandan desde la SGI de la UNC y *tenés que*: 
1️⃣ Retirarlo en el Área de Personal y Sueldos. 
2️⃣ Firmarlo. 
3️⃣ Guardar el cuerpo del recibo (donde dice los montos que te pagaron). ",
¿Existe un portal para descargar recibos de haberes?,Personal y Sueldos,"Podés descargar tus recibos de haberes en el *portal del empleado de la UNC*:  🔗 https://empleados.unc.edu.ar/autogestion/.
 
⚠️ *Importante*: por ahora, los recibos tienen código QR, pero *no firma electrónica*, por lo tanto *no sirven para certificar haberes ante organismos oficiales*.",
¿Qué ocurre si un agente fallece y no tiene los últimos recibos firmados?,Personal y Sueldos,"Si un agente fallece y no tiene los últimos *3 recibos de haberes* firmados, los beneficiarios *no podrán cobrar el seguro de vida*.",
¿Qué es el impuesto a las ganancias para los empleados?,Personal y Sueldos,"El *Impuesto a las Ganancias* es un tributo que aplica a quienes tienen ingresos. En el caso de la UNC, esta actúa como *agente de retención* para empleados que están alcanzados por el impuesto de *cuarta categoría*.",
¿Quién administra las retenciones del impuesto a las ganancias en la UNC?,Personal y Sueldos,"*La *Secretaría de Gestión Institucional* de la UNC maneja las retenciones del impuesto a las ganancias en la UNC, a través del *Área de Retenciones Impositivas*.

Podés contactarlos para cualquier consulta o asesoramiento.",
¿Qué normativa regula las licencias docentes?,Personal y Sueldos,"La normativa que regula las licencias docentes es la *Resolución 1222/2014* del HCS.

Esta incluye actividades académicas, científicas y de investigación.",
¿Cómo se solicita una licencia docente para actividades en el exterior?,Personal y Sueldos,"🌍 *Licencia docente para actividades en el exterior* 

Si necesitás una licencia para irte al exterior, tenés que enviar un formulario en Excel por correo al área de *Personal y Sueldos* para gestionar *la cobertura de asistencia internacional*.

✉️ El correo es personalysueldos@famaf.unc.edu.ar.",
¿Cómo solicitan licencias los agentes nodocentes?,Personal y Sueldos,"Como *agentes nodocente* podés pedir una licencia ingresando al sistema de memos de FAMAF con tu usuario y contraseña (los da el área).

⚠️ *Importante:* recordá solicitarla con anticipación.",
¿Qué es la Licencia Anual Ordinaria para nodocentes?,Personal y Sueldos,La *Licencia Anual Ordinaria para nodocentes* es tu *descanso anual* con goce de sueldo y la duración de la misma depende de tu *antigüedad*.,
¿Cuánto dura la Licencia Anual Ordinaria para nodocentes?,Personal y Sueldos,La *Licencia Anual Ordinaria para nodocentes* es tu *descanso anual* con goce de sueldo y la duración de la misma depende de tu *antigüedad*.,
¿Cuántos días de licencia por paternidad corresponden a nodocentes?,Personal y Sueldos,"👶 *Licencia por paternidad para nodocentes*

Si sos nodocente, tenés *15 días hábiles* de licencia por paternidad con sueldo completo. Solo tenés que presentar la documentación que respalde el nacimiento o adopción.",
¿Cuál es la duración de la licencia por maternidad?,Personal y Sueldos,"👶 *Licencia por maternidad*

 Lalicencia por maternidad con goce de sueldo es de *180 días*, que se dividen en:
 * *45 días* antes del parto.
* *135 días* después.

⚠️ *Importante:* si el embarazo es de *alto riesgo*, se puede extender el período antes del parto.",
¿Qué requisitos deben cumplir los certificados médicos?,Personal y Sueldos,"Los *certificados médicos* deben ser legibles y contener:
* Membrete del profesional
* Nombre y DNI del paciente
* Fecha de emisión
* Diagnóstico claro
* Período de reposo
* Firma y sello del profesional",
¿Cómo se valida un certificado médico emitido en el exterior?,Personal y Sueldos,"Para validar un *certificado médico* emitido en el exterior *debe estar firmado por el consulado argentino del país donde fue emitido* y en caso de ser necesario, también debe estar *acompañalo con una traducción al castellano*.",
¿Puedo rendir libre el curso de nivelación?,Ingreso,"*Es posible rendir libre el curso de nivelación*, primero tenés que hacer la *inscripción definitiva* y cuando llegue la fecha del examen, inscribite para rendir la Nivelación desde Guaraní en la sección *Inscripción a Exámenes*.",
¿Puedo rendir libre el cursillo?,Ingreso,"*Es posible rendir libre el curso de nivelación*, primero tenés que hacer la *inscripción definitiva* y cuando llegue la fecha del examen, inscribite para rendir la Nivelación desde Guaraní en la sección *Inscripción a Exámenes*.",
¿Puedo rendir libre el curso de ingreso?,Ingreso,"*Es posible rendir libre el curso de nivelación*, primero tenés que hacer la *inscripción definitiva* y cuando llegue la fecha del examen, inscribite para rendir la Nivelación desde Guaraní en la sección *Inscripción a Exámenes*.",
"Realice un trámite y no me llega el email de confirmación, ¿por qué?",Información General,"😕 *¿No te llegó el email de confirmación?* 

Estamos trabajando para agilizar el envío de los correos.

*Recordá que este proceso puede tardar una semana o más*.

Gracias por tu paciencia 🙏.",
"Me da error al realizar un trámite, ¿Que hago?",Información General,"Lamento mucho que tengas un error en tu trámite. Para resolverlo te sugiero escribir a los correos de la FAMAF según tu consulta:

📧 *Preinscripciones/inscripciones*: despachoestudiantes@famaf.unc.edu.ar
📧 *Cuentas @unc o @mi.unc*: usuarios.unc@famaf.unc.edu.ar
📧 *Becas/tutorías/Régimen Especial*: sae@famaf.unc.edu.ar
📧 *Diplomas/certificados/actas*: nfigueroa@unc.edu.ar

⚠️ *Importante:* explicá el error, el trámite y poné tu nombre y apellido. Así te pueden ayudar!",
"Me olvidé de inscribirme y se me pasó la fecha, ¿Hay algo que se pueda hacer?",Información General,"Si se te pasó la fecha de inscripción, podés ir personalmente al despacho de la FAMAF, ahí podrán evaluar si se puede hacer la inscripción fuera de plazo.

¡No te quedes con la duda!",
¿Cuándo tengo que inscribirme a un examen?,Exámenes,"📅 *Inscripción a exámenes*:

Están abiertas desde el *sábado 14 de febrero a las 9:00 hs* hasta *3 días hábiles antes* del examen.

👉 *¿Qué significa ""3 días hábiles""?*: No se cuentan ni sábados, ni domingos, ni feriados. Por ejemplo, si rendís un lunes, el último día para anotarte suele ser el miércoles anterior. ¡No te dejes estar!

Las inscripciones se realizan a través del sistema Guaraní. En caso de que no encuentres la materia o si es una *Especialidad, Optativa, Materia Vocacional o para Estudiante Regular Internacional*, usá este formulario: 🔗 https://forms.gle/VccEhhg5BVnDU85H9",
"No me puedo inscribir al examen del curso de nivelación, ¿Que hago?",Ingreso,"Si no podés inscribirte al examen del curso de nivelación, contactá a tu profesora por el *Aula Virtual*.",
Necesito un certificado papel y/o digital de asistencia a examen.,Exámenes,"📌 *Certificado de asistencia a examen*: 

Pasos para obtener tu certificado: 
1️⃣ Pasá por *despacho de alumnos* antes del examen y pedí la hoja. 
2️⃣ En el examen, pedile al profesor que la firme. 
3️⃣ Lleva de vuelta la hoja a *despacho de alumnos* para que te la sellen. 

¡Listo! Así obtenes tu certificado. ",
¿Cuándo abren las inscripciones a las materias?,Cursado,"Las fechas de inscripción son:

📅 *Inscripciones 1er cuatrimestre*:
* *1er año*: del 04/03 al 14/03.
* *Materias del resto de los años*: del 02/03 al 13/03/2026.

📅 *Inscripciones 2do cuatrimestre*:
* Del 03/08 al 14/08.

Si necesitás algo más, avisame 😊",
¿Cuándo comienzan las clases de las materias de grado y posgrado?,Cursado,"📅 *Primer cuatrimestre 2026*
Las clases de grado y posgrado empiezan el *9 de marzo* y terminan el *19 de junio*.

📅 *Segundo cuatrimestre 2026*
Las clases de grado y posgrado empiezan el *10 de agosto* y terminan el *19 de noviembre*.",
¿Cuál es el correo de Despacho de Estudiantes?,Información General,"📩 *Correo del Despacho de Estudiantes*: despachoestudiantes@famaf.unc.edu.ar

Si necesitás ayuda, ¡escribiles! 😊",
¿Cuál es el correo de la Oficialía?,Información General,"📩 *Correo de la Oficialía*: nigueroa@unc.edu.ar

Si necesitás algo, mandales un mail. 😊",
¿A qué correo me puedo comunicar para consultar sobre el ingreso?,Información General,"📩 *Correo para consultas de ingreso*: ingreso@famaf.unc.edu.ar

Si tenés dudas sobre el proceso, mandales un mail. ¡Estamos para ayudarte! 😊",
¿Cuál es el correo de la Secretaría de Posgrado?,Información General,"📩 Si necesitás contactar a la Secretaría de Posgrado, escribiles a *posgrado@famaf.unc.edu.ar*. 
¡Ahí te van a ayudar con todo lo que necesites! 😊",
¿Dónde puedo consultar las Optativas de Computación?,Cursado,"📚 *Optativas de Computación 2026*:
* *Computación y Sociedad* - Blanco, Javier Oscar.
* *Electrónica para Laboratorios Experimentales de Investigación* - Peretti, Gabriela Marta y Romero, Eduardo Abel.
* *Introducción a la Didáctica de Computación e Inteligencia Artificial* - Acosta, Araceli Natalia.
* *Introducción al Análisis de Series Temporales* - Flesia, Ana Georgina.
* *Sistemas de Tiempo Real* - Laprovitta, Agustín Miguel.

📌 Siempre podes consultarlas en la distribución docente del correspondiente año:
🔗 https://share.google/qoDQXEpip0M9MOHmy (año 2026)",
¿Qué materias pueden hacerse como Especialidad II de Astronomía?,Cursado,"📚 *Materias de Especialidad II de Astronomía 2026*:
* *Cúmulos Globulares*: Laboratorios Cósmicos de la Evolución Estelar (Muriel, Hernán).
* *Elementos de Espectroscopía Astronómica*: con red de difracción (Weidmann, Walter Alfredo).
* *Estructura en Gran Escala del Universo* (Abadi, Mario Gabriel).
* *Medio Interestelar, Galaxias Starburst y Núcleos Activos de Galaxias* (Gunthardt, Guillermo Iván).
* *Radio Astronomía Galáctica y Extragaláctica* (Varlotto, Carlos Alberto).

📌 Siempre podes consultarlas en la distribución docente del correspondiente año:
🔗 https://share.google/qoDQXEpip0M9MOHmy (año 2026)",
¿Qué materias pueden hacerse como Especialidad II de Física?,Cursado,"📚 *Materias de Especialidad II de Física 2026*:
* *Electrónica para Laboratorios Experimentales de Investigación* - Peretti, Gabriela Marta y Romero, Eduardo Abel.
* *Física Computacional* - Banchio, Adolfo Javier y Marconi, Verónica Iris.
* *Imágenes por Resonancia Magnética* - Acosta, Rodolfo Héctor.
* *Introducción a la Información Cuántica* - Majtey, Ana Paula.
* *Introducción a la Radiobiología* - Valente, Mauro Andrés.
* *Relatividad Numérica* - Carrasco, Federico León y Gallo, Emanuel.
* *Segunda Cuantización* - Osenda, Omar.
* *Sistemas de Tiempo Real* - Laprovitta, Agustín Miguel.

📌 Siempre podes consultarlas en la distribución docente del correspondiente año:
🔗 https://share.google/qoDQXEpip0M9MOHmy (año 2026)",
¿Qué materias pueden hacerse como Especialidad I de Matemática?,Cursado,"📚 *Materias de Especialidad I de Matemática 2026*

* *Espacios de Lebesgue Variables Pesados y Teoría de Extrapolación* con Vallejos, Lucas Alejandro.
* *Geometría Algebraica* con Sulca, Diego Armando.
* *Introducción a las álgebras de Lie y sus Representaciones* con Cagliero, Leandro Roberto.
* *Teoría de Modelos* con Badano, Mariana Vanessa.

📌 Siempre podes consultarlas en la distribución docente del correspondiente año:
🔗 https://share.google/qoDQXEpip0M9MOHmy (año 2026)",
¿Qué materias pueden hacerse como Optativa II de Matemática Aplicada?,Cursado,"📚 *Materias de Optativa II de Matemática Aplicada 2026* :
* *Introducción al Análisis de Series Temporales* (dictada por Ana Georgina Flesia). 

📌 Siempre podes consultarlas en la distribución docente del correspondiente año:
🔗 https://share.google/qoDQXEpip0M9MOHmy (año 2026)",
¿Cómo hago para obtener un casillero en FAMAF?,Información General,"📌 *Casilleros de FAMAF* 

Las inscripciones están abiertas desde el *2 de marzo* hasta el *13 de marzo* a las 14:00 hs.

📝 *Formulario de Inscripción*: https://tinyurl.com/2545b9xh 

* Los resultados estarán el *25 de marzo* y los nuevos casilleros se asignan desde el *4 de abril*.
* Como *requisito* tenés que *estar inscripto en al menos una materia*. 

⚠️ *Importante*: 
* Entre el *25 de marzo* y el *3 de abril*, tenés que pasar por la SAE para confirmar. Si no lo hacés, perdés el casillero o el lugar en la lista de espera.
* Si te dan un casillero, llevá tu propio candado y firmá el acuerdo de responsabilidad en la SAE.",
¿Cuales son los requisitos para solicitar una mesa especial de examen?,Exámenes,"📌 *Requisito para mesa especial de examen*:

Para pedir una mesa especial de examen tienen que faltarte *solo dos materias* para egresar (incluyendo el Trabajo Especial). Además, si sos de Analista o Profesorado, se cuentan las materias comunes.

📅 *Plazo*: Podés pedir la fecha hasta el *31/03/2026*.",
¿Cómo es el procedimiento para solicitar una mesa especial de examen?,Exámenes,"📌 *Cómo pedir una mesa especial de examen*

Para pedir una mesa especial, tenés que:
1️⃣ Adeudar *solo dos materias* para egresar (incluyendo el Trabajo Especial). Si sos de Analista o Profesorado, se cuentan las materias comunes.
2️⃣ Enviá una *nota firmada por vos y el docente* de la materia, *al menos una semana antes* de la fecha que querés rendir. Acá hay un modelo para la nota que podes usar para guiarte: 🔗 https://drive.google.com/file/d/1nandgoClw138jBfMujEdwmc9MyJIJtkL.

⚠️ *Importante:* 
* Si la fecha especial es para el Trabajo Especial, el procedimiento es otro.
* Si otro estudiante ya se inscribió para esa materia en la época que pedís, *rinden el mismo día* (solo hay una mesa por época).
",
¿La Tecnicatura Universitaria en Matemática Aplicada tiene modalidad presencial? ,Ingreso,"Los títulos intermedios son *presenciales*, como así también todas las carreras de grado de FAMAF. Solo el *curso de nivelación* se puede hacer a distancia.

Si necesitas que te diga las modalidades del Curso de Nivelación, ¡Avisame! 😊",
¿La Tecnicatura Universitaria en Matemática Aplicada es a distancia (online)? ,Ingreso,"Todas las carreras de grado de FAMAF tienen modalidad *presencial*. Solo el *curso de nivelación* se puede cursar a distancia. 

Si necesitas que te diga las modalidades del Curso de Nivelación, ¡Avisame! 😊",
¿La Tecnicatura Universitaria en Astronomía tiene modalidad presencial? ,Ingreso,"Todas las carreras de grado de FAMAF tienen modalidad *presencial*. Solo el *curso de nivelación* se puede cursar a distancia. 

Si necesitas que te diga las modalidades del Curso de Nivelación, ¡Avisame! 😊",
¿La Tecnicatura Universitaria en Astronomía es a distancia (online)? ,Ingreso,"Los títulos intermedios son *presenciales*, como así también todas las carreras de grado de FAMAF. Solo el *curso de nivelación* se puede hacer a distancia.

Si necesitas que te diga las modalidades del Curso de Nivelación, ¡Avisame! 😊",
¿La carrera Licenciatura en Física es presencial?,Ingreso,"Todas las carreras de grado de FAMAF tienen modalidad *presencial*. Solo el *curso de nivelación* se puede cursar a distancia. 

Si necesitas que te diga las modalidades del Curso de Nivelación, ¡Avisame! 😊",
¿La carrera Licenciatura en Física es a distancia (online)?,Ingreso,"Todas las carreras de grado de FAMAF tienen modalidad *presencial*. Solo el *curso de nivelación* se puede cursar a distancia. 

Si necesitas que te diga las modalidades del Curso de Nivelación, ¡Avisame! 😊",
¿La carrera Licenciatura en Astronomía es presencial?,Ingreso,"Todas las carreras de grado de FAMAF tienen modalidad *presencial*. Solo el *curso de nivelación* se puede cursar a distancia. 

Si necesitas que te diga las modalidades del Curso de Nivelación, ¡Avisame! 😊",
¿La carrera Licenciatura en Astronomía es a distancia (online)?,Ingreso,"Todas las carreras de grado de FAMAF tienen modalidad *presencial*. Solo el *curso de nivelación* se puede cursar a distancia. 

Si necesitas que te diga las modalidades del Curso de Nivelación, ¡Avisame! 😊",
¿La carrera Licenciatura en Matemática es presencial?,Ingreso,"Todas las carreras de grado de FAMAF tienen modalidad *presencial*. Solo el *curso de nivelación* se puede cursar a distancia. 

Si necesitas que te diga las modalidades del Curso de Nivelación, ¡Avisame! 😊",
¿La carrera Licenciatura en Matemática es a distancia (online)?,Ingreso,"Todas las carreras de grado de FAMAF tienen modalidad *presencial*. Solo el *curso de nivelación* se puede cursar a distancia. 

Si necesitas que te diga las modalidades del Curso de Nivelación, ¡Avisame! 😊",
¿La carrera Licenciatura en Matemática Aplicada es presencial?,Ingreso,"Todas las carreras de grado de FAMAF tienen modalidad *presencial*. Solo el *curso de nivelación* se puede cursar a distancia. 

Si necesitas que te diga las modalidades del Curso de Nivelación, ¡Avisame! 😊",
¿La carrera Licenciatura en Matemática Aplicada es a distancia (online)?,Ingreso,"Todas las carreras de grado de FAMAF tienen modalidad *presencial*. Solo el *curso de nivelación* se puede cursar a distancia. 

Si necesitas que te diga las modalidades del Curso de Nivelación, ¡Avisame! 😊",
¿La carrera Licenciatura en Ciencias de la Computación es presencial?,Ingreso,"Todas las carreras de grado de FAMAF tienen modalidad *presencial*. Solo el *curso de nivelación* se puede cursar a distancia. 

Si necesitas que te diga las modalidades del Curso de Nivelación, ¡Avisame! 😊",
¿La carrera Licenciatura en Ciencias de la Computación es a distancia (online)?,Ingreso,"Todas las carreras de grado de FAMAF tienen modalidad *presencial*. Solo el *curso de nivelación* se puede cursar a distancia. 

Si necesitas que te diga las modalidades del Curso de Nivelación, ¡Avisame! 😊",
¿La carrera Licenciatura en Hidrometeorología es presencial?,Ingreso,"Todas las carreras de grado de FAMAF tienen modalidad *presencial*. Solo el *curso de nivelación* se puede cursar a distancia. 

Si necesitas que te diga las modalidades del Curso de Nivelación, ¡Avisame! 😊",
¿La carrera Licenciatura en Hidrometeorología es a distancia (online)?,Ingreso,"Todas las carreras de grado de FAMAF tienen modalidad *presencial*. Solo el *curso de nivelación* se puede cursar a distancia. 

Si necesitas que te diga las modalidades del Curso de Nivelación, ¡Avisame! 😊",
¿La carrera de Profesorado en Física tiene modalidad presencial?,Ingreso,"Todas las carreras de grado de FAMAF tienen modalidad *presencial*. Solo el *curso de nivelación* se puede cursar a distancia. 

Si necesitas que te diga las modalidades del Curso de Nivelación, ¡Avisame! 😊",
¿La carrera de Profesorado en Física es a distancia (online)?,Ingreso,"Todas las carreras de grado de FAMAF tienen modalidad *presencial*. Solo el *curso de nivelación* se puede cursar a distancia. 

Si necesitas que te diga las modalidades del Curso de Nivelación, ¡Avisame! 😊",
¿La carrera de Profesorado en Matemática tiene modalidad presencial?,Ingreso,"Todas las carreras de grado de FAMAF tienen modalidad *presencial*. Solo el *curso de nivelación* se puede cursar a distancia. 

Si necesitas que te diga las modalidades del Curso de Nivelación, ¡Avisame! 😊",
¿La carrera de Profesorado en Matemática es a distancia (online)?,Ingreso,"Todas las carreras de grado de FAMAF tienen modalidad *presencial*. Solo el *curso de nivelación* se puede cursar a distancia. 

Si necesitas que te diga las modalidades del Curso de Nivelación, ¡Avisame! 😊",
¿Se puede cursar Analista en Computación a distancia (online)?,Ingreso,"Los títulos intermedios son *presenciales*, como así también todas las carreras de grado de FAMAF. Solo el *curso de nivelación* se puede hacer a distancia.

Si necesitas que te diga las modalidades del Curso de Nivelación, ¡Avisame! 😊",
¿Analista en Computación tiene modalidad presencial?,Ingreso,"Los títulos intermedios son *presenciales*, como así también todas las carreras de grado de FAMAF. Solo el *curso de nivelación* se puede hacer a distancia.

Si necesitas que te diga las modalidades del Curso de Nivelación, ¡Avisame! 😊",
¿Hay alguna carrera que se dicte a distancia?,Ingreso,"Los títulos intermedios son *presenciales*, como así también todas las carreras de grado de FAMAF. Solo el *curso de nivelación* se puede hacer a distancia.

Si necesitas que te diga las modalidades del Curso de Nivelación, ¡Avisame! 😊",
¿El cursillo de ingreso es eliminatorio?,Ingreso,"El curso de nivelación *no es eliminatorio*, pero si cuenta como una *materia más* de la carrera.

Esto significa que es la *primera correlativa*: necesitás tenerlo aprobado para poder seguir avanzando con el resto de las materias. 📚",
¿El Curso de Nivelación es eliminatorio?,Ingreso,"El curso de nivelación *no es eliminatorio*, pero si cuenta como una *materia más* de la carrera.

Esto significa que es la *primera correlativa*: necesitás tenerlo aprobado para poder seguir avanzando con el resto de las materias. 📚",
¿El Ingreso es eliminatorio?,Ingreso,"El curso de nivelación *no es eliminatorio*, pero si cuenta como una *materia más* de la carrera.

Esto significa que es la *primera correlativa*: necesitás tenerlo aprobado para poder seguir avanzando con el resto de las materias. 📚",
¿Cómo hago la reinscripción anual a la propuesta en la que estoy?,Cursado,"📌 *Reinscripción anual* 📌

Para reinscribirte, seguí estos pasos:

1️⃣ Entrá a Guaraní.
2️⃣ Buscá el botón naranja que dice *Reinscribirse* en la pantalla de inicio.

¡Listo!",
"Ya realicé la preinscripción, ¿Qué es lo siguiente que debo hacer?",Ingreso,"Si ya realizaste la inscripción y tenés el comprobante. Ahora solo falta: *venir a clases* y *realizar la inscripción definitiva* en la fecha que corresponde. 

¡Cualquier duda, avisame! 😊",
¿Cuánto dura la regularidad de una materia?,Cursado,La regularidad de una materia dura *2 años* y un *turno de examen*.,
¿Me puedo inscribir a una materia como oyente?,Cursado,"Cursar como oyente te permite *cursar una materia sin inscribirte en toda la carrera*.

Para inscribirte como *alumno vocacional* (oyente), seguí este instructivo: 🔗 https://docs.google.com/document/d/1-hWXC3_v-rpXJdCudmUgQmSXCHofVRgFERWc_j7YOwg/edit?tab=t.0",
¿Qué sucede si repruebo el curso de nivelación?,Ingreso,"El curso de nivelación es como cualquier otra materia, así que no te preocupes 😊. Podés volver a rendirlo en cualquier fechas de examen final. 

Incluso, si querés, podés empezar a cursar las materias de tu carrera como *libre* hasta que lo apruebes. 
",
¿Qué sucede si repruebo el cursillo de ingreso?,Ingreso,"El curso de nivelación es como cualquier otra materia, así que no te preocupes 😊. Podés volver a rendirlo en cualquier fechas de examen final. 

Incluso, si querés, podés empezar a cursar las materias de tu carrera como *libre* hasta que lo apruebes. 
",
¿Qué sucede si repruebo el ingreso?,Ingreso,"El curso de nivelación es como cualquier otra materia, así que no te preocupes 😊. Podés volver a rendirlo en cualquier fechas de examen final. 

Incluso, si querés, podés empezar a cursar las materias de tu carrera como *libre* hasta que lo apruebes. 
",
"Aún no termine los estudios secundarios y quiero hacer la preinscripción, ¿Se puede?",Ingreso,"*Podés preinscribirte aunque no hayas terminado el secundario.* Solo cuando te pidan la constancia de estudios secundarios finalizados, *subí el certificado de alumno regular* en su lugar.

¡Suerte! 😊",
Necesito información de la inscripciones a carreras para 2026.,Ingreso,"📌 *Inscripciones 2026* 📌

Si estás buscando info para inscribirte en una carrera en la FAMAF para el 2026, acá tenés todo lo que necesitas saber:

🔗 https://www.famaf.unc.edu.ar/la-facultad/institucional/secretar%C3%ADas/secretaria-academica/preinscripcion/

¿Necesitás ayuda con algo más? 😊",
Necesito información sobre la carrera Licenciatura en Matemática,Ingreso,"Si querés saber todo sobre la carrera, entrá acá:
🔗 https://www.famaf.unc.edu.ar/academica/grado/

Ahí vas a encontrar
*  *Plan de estudios*
* *Correlatividades*
* *Perfil del Egresado* y demás

¡Dale una mirada y después me contás si necesitás algo más! 😊",
Necesito información sobre la carrera Licenciatura en Astronomía,Ingreso,"Si querés saber todo sobre la carrera, entrá acá:
🔗 https://www.famaf.unc.edu.ar/academica/grado/

Ahí vas a encontrar
*  *Plan de estudios*
* *Correlatividades*
* *Perfil del Egresado* y demás

¡Dale una mirada y después me contás si necesitás algo más! 😊",
Necesito información sobre la carrera Licenciatura en Física,Ingreso,"Si querés saber todo sobre la carrera, entrá acá:
🔗 https://www.famaf.unc.edu.ar/academica/grado/

Ahí vas a encontrar
*  *Plan de estudios*
* *Correlatividades*
* *Perfil del Egresado* y demás

¡Dale una mirada y después me contás si necesitás algo más! 😊",
Necesito información sobre la carrera Licenciatura en Ciencias de la Computación,Ingreso,"Si querés saber todo sobre la carrera, entrá acá:
🔗 https://www.famaf.unc.edu.ar/academica/grado/

Ahí vas a encontrar
*  *Plan de estudios*
* *Correlatividades*
* *Perfil del Egresado* y demás

¡Dale una mirada y después me contás si necesitás algo más! 😊",
Necesito información sobre la carrera Licenciatura en Matemática Aplicada,Ingreso,"Si querés saber todo sobre la carrera, entrá acá:
🔗 https://www.famaf.unc.edu.ar/academica/grado/

Ahí vas a encontrar
*  *Plan de estudios*
* *Correlatividades*
* *Perfil del Egresado* y demás

¡Dale una mirada y después me contás si necesitás algo más! 😊",
Necesito información sobre la carrera Licenciatura en Hidrometeorología,Ingreso,"Si querés saber todo sobre la carrera, entrá acá:
🔗 https://www.famaf.unc.edu.ar/academica/grado/

Ahí vas a encontrar
*  *Plan de estudios*
* *Correlatividades*
* *Perfil del Egresado* y demás

¡Dale una mirada y después me contás si necesitás algo más! 😊",
Necesito información sobre la carrera de Profesorado en Matemática,Ingreso,"Si querés saber todo sobre la carrera, entrá acá:
🔗 https://www.famaf.unc.edu.ar/academica/grado/

Ahí vas a encontrar
*  *Plan de estudios*
* *Correlatividades*
* *Perfil del Egresado* y demás

¡Dale una mirada y después me contás si necesitás algo más! 😊",
Necesito información sobre la carrera de Profesorado en Física,Ingreso,"Si querés saber todo sobre la carrera, entrá acá:
🔗 https://www.famaf.unc.edu.ar/academica/grado/

Ahí vas a encontrar
*  *Plan de estudios*
* *Correlatividades*
* *Perfil del Egresado* y demás

¡Dale una mirada y después me contás si necesitás algo más! 😊",
Necesito información sobre la carrera Analista en Computación,Ingreso,"Si querés saber todo sobre la carrera, entrá acá:
🔗 https://www.famaf.unc.edu.ar/academica/grado/

Ahí vas a encontrar
*  *Plan de estudios*
* *Correlatividades*
* *Perfil del Egresado* y demás

¡Dale una mirada y después me contás si necesitás algo más! 😊",
Necesito información sobre la Tecnicatura Universitaria en Matemática Aplicada,Ingreso,"Si querés saber todo sobre la carrera, entrá acá:
🔗 https://www.famaf.unc.edu.ar/academica/grado/

Ahí vas a encontrar
*  *Plan de estudios*
* *Correlatividades*
* *Perfil del Egresado* y demás

¡Dale una mirada y después me contás si necesitás algo más! 😊",
Necesito información sobre la Tecnicatura Universitaria en Astronomía,Ingreso,"Si querés saber todo sobre la carrera, entrá acá:
🔗 https://www.famaf.unc.edu.ar/academica/grado/

Ahí vas a encontrar
*  *Plan de estudios*
* *Correlatividades*
* *Perfil del Egresado* y demás

¡Dale una mirada y después me contás si necesitás algo más! 😊",
"Me quiero inscribir a una materia pero figuran todas las comisiones llenas, ¿Qué hago?",Ingreso,"Si todas las comisiones están llenas, no te preocupes. *Los cupos se van liberando* a medida que se completan.

⏱️ Esperá unos minutos y volvé a intentar. ¡Seguro que encontrás lugar! 😊",
"No pude hacer la preinscripción antes de la fecha de cierre, ¿Debo esperar otro año más?",Ingreso,"""📚 *Curso de nivelación de FAMAF*

El curso de nivelación de FAMAF tiene 3 ediciones:

👉 *Modalidad intensiva* (para nuevxs ingresantes):
* Se dicta a fines de enero y febrero de cada año.
* La modalidad es intensiva y presencial, 4 hs/día en dos turnos:
      ↳ Mañana (9 a 13 hs).
      ↳ Tarde (14 a 18 hs).
* Toda la información sobre la preinscripción se publica en https://famaf.unc.edu.ar/ingresantes (aproximadamente desde principios de noviembre).

👉 *Re dictado primer cuatrimestre* (para estudiantes que realizaron la inscripción definitiva):
* Se dicta durante el primer cuatrimestre (fechas exactas en el Calendario Académico).
* La modalidad es no intensiva y presencial, 2 días/semana, 4 hs/día (horarios acá https://www.famaf.unc.edu.ar/la-facultad/institucional/secretar%C3%ADas/secretaria-academica/horarios-de-cursado/).
* La inscripción se realiza por Guaraní durante el periodo de inscripciones (ver Calendario Académico).

👉 *Modalidad no intensiva* (para nuevxs ingresantes que pueden estar en el útlio año del secundario):
* Se dicta durante agosto de cada año. 
* La modalidad puede ser presencial o a distancia, 4 hs/semana ya sea:
      ↳ Viernes de 16 hs a 20 hs.
      ↳Sábados de 9 hs a 13 hs.
* Toda la información será publicada en https://famaf.unc.edu.ar/ingresantes (aproximadamente desde junio).

✅ *Si no te inscribiste a tiempo pero las clases aún no empezaron*, escribí a despachoestudiantes@famaf.unc.edu.ar para ver si podés inscribirte igual. ¡No te quedes con la duda!",
¿Cuando hay que inscribirse para hacer el curso de ingreso no intensivo?,Ingreso,"📅 *Inscripción curso de ingreso no intensivo*: 

La fecha de inscripción al curso de ingreso *no intensivo* es desde el *1 de junio* hasta el *3 de julio*. 

Comenzarías las clases el *24 de julio* y terminarías el *14 de noviembre*.",
¿Cuando hay que inscribirse para hacer el curso de nivelación no intensivo?,Ingreso,"📅 *Inscripción curso de ingreso no intensivo*: 

La fecha de inscripción al curso de ingreso *no intensivo* es desde el *1 de junio* hasta el *3 de julio*. 

Comenzarías las clases el *24 de julio* y terminarías el *14 de noviembre*.",
¿Cuando hay que inscribirse para hacer el cursillo no intensivo?,Ingreso,"📅 *Inscripción curso de ingreso no intensivo*: 

La fecha de inscripción al curso de ingreso *no intensivo* es desde el *1 de junio* hasta el *3 de julio*. 

Comenzarías las clases el *24 de julio* y terminarías el *14 de noviembre*.",
Me gustaría hacer entrega de una computadora a la facultad,Información General,"📌 *Donaciones a FAMAF* 

Para coordinar la entrega contactá a secext@famaf.unc.edu.ar. 

¡Muchas gracias por tu aporte! 😊",
Me gustaría hacer entrega de una impresora a la facutlad,Información General,"📌 *Donaciones a FAMAF* 

Para coordinar la entrega contactá a secext@famaf.unc.edu.ar. 

¡Muchas gracias por tu aporte! 😊",
Me gustaría hacer entrega de un monitor a la facutlad,Información General,"📌 *Donaciones a FAMAF* 

Para coordinar la entrega contactá a secext@famaf.unc.edu.ar. 

¡Muchas gracias por tu aporte! 😊",
¿Cómo es el proceso para obtener equivalencias desde la UTN a FAMAF?,Información General,"📌 *Equivalencias UTN - FAMAF*

📅 *Plazos*:
* Desde el 01/08 al 31/10 podés enviar tu solicitud.
* El resultado lo tenés a comienzos del año siguiente.
* Empezás en FAMAF en marzo del año próximo (cuando te confirmen por mail).

🔍 *Evaluación*:
* No hay tabla fija: cada caso lo evalúa una Comisión Asesora.
* El Curso de Nivelación también se considera.

📄 *Documentación*:

1. *Académica*:
* Certificado Analítico Oficial (con notas, fechas y constancias de aplazos).
* Certificado de sanciones disciplinarias.
* Certificado de cancelación de matrícula (solo si el nombre de la carrera es igual).
* Programas oficiales de materias aprobadas (contenidos, carga horaria, bilbiografías, trabajos o laboratorios).
* Escala de calificaciones de la facultad que venís.
* Plan de estudios de la carrera que cursaste.
* Resolución ministerial que valide tu carrera.

2. *Personal*:
* Certificado de estudios secundarios completos (legalizado por Oficialía Mayor UNC: https://www.unc.edu.ar/oficialia-mayor).
* DNI (frente y dorso).
* Constancia de CUIL.

3. *Nota*:
* Incluí una nota dirigida al decano.
* Podés usar este modelo como referencia: https://tinyurl.com/equivalencias-externas-FAMAF

⚠️ *Importante*:
* Si ya sos alumno de FAMAF, aclaralo en la nota y podés hacer el trámite en cualquier momento.
* Si querés ingresar a más de una carrera, hacé un trámite por cada una.

📩 *Enviá todo* a oficialia@famaf.unc.edu.ar

💬 *¿Tenés dudas?* Escríbinos y te ayudamos. 😊",
¿Cual es el costo para realizar el curso de nivelación?,Ingreso,"El curso de nivelación *¡es gratis!* 🎉

¿Algo más en lo que pueda ayudarte? 😊",
¿Cómo me inscribo para Analista en Computación? No me figura en Guaraní,Ingreso,"Si buscás ser *Analista en Computación*, tené en cuenta que es un **título intermedio** de la *Licenciatura en Ciencias de la Computación*. 💻

¿Cómo te inscribis? 
👉 Al inscribirte, elegí la carrera de **Licenciatura en Ciencias de la Computación**. 
👉 Una vez que completes **3er año**, ¡ya tenés tu título de Analista! ",
¿Cómo me inscribo para la Tecnicatura Universitaria en Matemática Aplicada? No me figura en Guaraní,Ingreso,"La **Tecnicatura en Matemática Aplicada** es un **título intermedio** de la *Licenciatura en Matemática Aplicada*. ✨

¿Cómo te inscribís? 
👉 En el sistema Guaraní, tenés que anotarte en la **Licenciatura en Matemática Aplicada**. 
👉 Al completar el **3er año** de la carrera, ¡ya obtenés tu título de Técnico!
",
¿Cómo me inscribo para la Tecnicatura Universitaria en Astronomía? No me figura en Guaraní,Ingreso,"La **Tecnicatura en Astronomía** es parte de los primeros **3 años** de la *Licenciatura en Astronomía*. 🌌

¿Cómo te inscribís? 
👉 En el sistema Guaraní, tenés que anotarte en la **Licenciatura en Matemática en Astronomía**. 
👉 Al completar el **3er año** de la carrera, ¡ya obtenés tu título de Técnico!
",
¿La presinscripción es virtual o presencial?,Ingreso,"La *presinscripción* puede hacerse *virtual*, no hace falta ir a la facultad. 😊",